0,gargae_sm=8
1,dist_city=18,garden_sm=2
2,sm=17,price=28,nrooms=2
3,floors=3
4,garden_sm=1
5,floors=1,dist_city=3,sm=3
6,floors=2,nbedrooms=2,dist_city=13
7,gargae_sm=2
8,sm=21,year=3
9,floors=1,nrooms=5,nbath=2
10,floors=1,windows=15,sm=31
11,sm=32
12,year=21,doors=7
13,windows=2,dist_city=11,nbath=2,garden_sm=9
14,dist_city=20,price=20
15,sm=19,floors=2,nrooms=1
16,gargae_sm=6,floors=1,nrooms=3,nbath=2
17,nrooms=1
18,garden_sm=10
19,windows=3,floors=3,year=29
20,gargae_sm=8,windows=14,year=5,floors=2
21,nrooms=5,garden_sm=4,windows=1
22,gargae_sm=4
23,windows=14,dist_city=19,nbath=3
24,windows=17,sm=35,gargae_sm=7
25,sm=11
26,doors=10,windows=18,floors=3
27,sm=17
28,sm=13,garden_sm=8,dist_city=14,doors=5
29,floors=3,nrooms=3,year=25,windows=14
30,price=13,nbath=3,nbedrooms=1
31,doors=10,windows=3,floors=1,sm=29
32,nbath=3,windows=17,doors=8,gargae_sm=7
33,sm=16,nrooms=5,dist_city=9
34,nrooms=5,garden_sm=4,nbath=1
35,price=28
36,price=32,gargae_sm=9,floors=1,doors=7
37,gargae_sm=4,garden_sm=4,doors=10
38,nbath=3,sm=1,floors=2,nbedrooms=3
39,price=19,sm=37
40,nbedrooms=3,floors=1
41,doors=3,gargae_sm=3,nbedrooms=3,sm=11
42,garden_sm=5
43,floors=3
44,nrooms=3,nbedrooms=2,gargae_sm=8,garden_sm=7
45,nbedrooms=1,gargae_sm=6,nbath=3,floors=2
46,doors=1
47,windows=12,price=48,gargae_sm=4,sm=4
48,sm=21,floors=3
49,windows=4
50,nrooms=5
51,sm=27,nbath=2,dist_city=16,floors=2
52,dist_city=7,sm=9
53,garden_sm=6,nbath=3,floors=2,doors=1
54,windows=7,dist_city=5
55,price=7
56,doors=6,garden_sm=5
57,year=16
58,nbath=1,gargae_sm=2,price=44,windows=7
59,nrooms=5,nbath=1,dist_city=4
60,windows=16
61,gargae_sm=1,nbedrooms=2,nrooms=2
62,year=14,garden_sm=4,price=30,nbath=1
63,year=3,garden_sm=2
64,nbedrooms=1
65,windows=19,sm=39,garden_sm=5
66,doors=8,year=8,dist_city=5
67,nrooms=1,price=7,nbedrooms=1
68,nbedrooms=2
69,gargae_sm=9,windows=16,floors=1
70,floors=2,windows=17,nbath=1,price=10
71,nbedrooms=3,year=10,sm=9
72,windows=16,nbedrooms=2
73,dist_city=14,garden_sm=8,floors=1
74,nbedrooms=3,nbath=3,year=9,doors=2
75,year=24,doors=8
76,floors=1,gargae_sm=9,nbedrooms=3
77,windows=11,year=26
78,nrooms=3,gargae_sm=2
79,garden_sm=6,year=30,nbedrooms=3,dist_city=14
80,price=6
81,nbedrooms=1
82,dist_city=2,price=30
83,year=30,gargae_sm=8,nbath=3,nrooms=1
84,floors=3,windows=3,sm=15,gargae_sm=3
85,sm=20,floors=2,year=16,gargae_sm=7
86,year=13
87,garden_sm=2,floors=3
88,nrooms=5,gargae_sm=9,year=5,sm=7
89,dist_city=8,doors=7,sm=11
90,gargae_sm=5,price=2,garden_sm=1
91,price=20,nbath=3,floors=3
92,sm=18,nbath=1,nrooms=4
93,nbedrooms=2,gargae_sm=3
94,sm=32,nbedrooms=3,windows=1
95,floors=2,sm=4
96,dist_city=17,nbath=1
97,sm=26,year=29
98,sm=39,dist_city=11,floors=3
99,year=7
100,nbedrooms=3
101,nbath=1,sm=5,year=13
102,year=30,floors=1,gargae_sm=6,price=28
103,year=8,nrooms=4,nbedrooms=2,sm=14
104,nbath=2,price=12
105,gargae_sm=4,nbath=1,price=4
106,sm=37,gargae_sm=6,floors=3
107,floors=1
108,floors=2,nbedrooms=2,windows=1
109,year=16,dist_city=18,floors=2,nbath=3
110,doors=5,nbath=1,dist_city=1,year=8
111,doors=5,price=21,nbedrooms=2,gargae_sm=9
112,nrooms=3,price=3,garden_sm=3
113,nbath=3,windows=1,sm=36,floors=3
114,garden_sm=7,dist_city=20,nbedrooms=2
115,windows=15,dist_city=3,doors=10,nrooms=2
116,year=14,windows=19,price=7,gargae_sm=7
117,dist_city=5,price=42,sm=39
118,nbedrooms=2
119,price=12,year=5,gargae_sm=2
120,garden_sm=1
121,gargae_sm=5,nbedrooms=3
122,nrooms=1,sm=5
123,gargae_sm=8,doors=9,dist_city=3
124,windows=14,garden_sm=10
125,nbedrooms=3,floors=2,gargae_sm=1,sm=20
126,nbath=3
127,nrooms=1,price=21,floors=2
128,doors=10,price=2,garden_sm=8,dist_city=17
129,gargae_sm=4,sm=22,price=41,doors=1
130,gargae_sm=9,doors=5
131,price=37
132,nrooms=3
133,dist_city=20
134,nrooms=3
135,garden_sm=3,nbedrooms=3,gargae_sm=10,nrooms=2
136,garden_sm=7,gargae_sm=7,year=22,nbedrooms=2
137,doors=10
138,doors=9,floors=2
139,nrooms=2,windows=13,nbath=1,gargae_sm=10
140,nrooms=4
141,nbedrooms=2,dist_city=14
142,windows=2,garden_sm=8,nrooms=4
143,nbedrooms=2
144,nbedrooms=2,price=31
145,gargae_sm=9,garden_sm=3,price=47
146,windows=17,nbedrooms=1,sm=35,floors=2
147,sm=18,doors=7,windows=20,nrooms=5
148,windows=15,nrooms=5,gargae_sm=7,nbath=3
149,sm=13,nbedrooms=1,gargae_sm=3,garden_sm=9
150,year=20,nrooms=4,garden_sm=8,floors=3
151,nbath=2,year=23,windows=18,dist_city=9
152,doors=9,nbedrooms=3
153,dist_city=14,sm=3,floors=3
154,nbedrooms=1,nbath=3,dist_city=5,garden_sm=1
155,dist_city=14,garden_sm=3
156,floors=1,gargae_sm=7
157,dist_city=4,nbedrooms=2
158,nbedrooms=3,price=6,floors=3
159,gargae_sm=3,windows=11,year=21
160,gargae_sm=6,year=27,nrooms=3
161,doors=5,windows=9,gargae_sm=10
162,sm=40,dist_city=8
163,nbath=1,nbedrooms=2,price=16
164,price=16,nrooms=2,nbedrooms=2
165,gargae_sm=1
166,nbedrooms=2,floors=1,gargae_sm=2
167,price=4,year=22,nbedrooms=1
168,floors=1
169,nbath=1,year=9,sm=27
170,nrooms=3,doors=7,windows=4,dist_city=10
171,windows=5,dist_city=8,nbath=2
172,nrooms=4,gargae_sm=5,nbedrooms=2,dist_city=14
173,nbath=3,price=18,floors=1,doors=4
174,garden_sm=2,nbedrooms=3
175,nbedrooms=2,price=33,dist_city=12
176,gargae_sm=5,windows=7
177,gargae_sm=5
178,dist_city=7
179,sm=3,floors=3,gargae_sm=10
180,price=45,garden_sm=4,gargae_sm=1,windows=1
181,nrooms=4,garden_sm=1,doors=8,windows=12
182,nbath=3,sm=22,windows=4
183,nrooms=5,nbath=3,gargae_sm=5,windows=17
184,garden_sm=9,windows=20,floors=2,doors=10
185,price=50,nrooms=1,floors=2,sm=28
186,year=8,nrooms=2
187,sm=20,price=44,dist_city=3
188,garden_sm=6
189,garden_sm=3,nbedrooms=1,sm=22,doors=7
190,year=4,dist_city=18,price=41,nbedrooms=2
191,year=4,dist_city=6,windows=17,nrooms=2
192,sm=24,nbedrooms=1,floors=1,dist_city=13
193,nbedrooms=1,garden_sm=6,floors=2,doors=3
194,sm=33,nrooms=5
195,year=13
196,price=29
197,floors=3,price=22,windows=1
198,year=12,windows=5,nbedrooms=2
199,dist_city=5,nbath=2,sm=5,floors=3
200,floors=1
201,price=38,gargae_sm=1
202,nbath=1,gargae_sm=2,windows=6,garden_sm=4
203,doors=3
204,floors=2
205,floors=1
206,floors=1,dist_city=10,doors=6
207,gargae_sm=8,doors=9,nrooms=5
208,garden_sm=9
209,price=41,sm=27,nbedrooms=2,nbath=3
210,nbath=1
211,floors=1
212,price=30,garden_sm=1,nrooms=4
213,sm=29,dist_city=3
214,floors=3,nbedrooms=1,doors=9
215,garden_sm=2,floors=3
216,garden_sm=2,nrooms=2,gargae_sm=3,dist_city=12
217,dist_city=20,nrooms=4
218,gargae_sm=2,garden_sm=6,dist_city=14
219,sm=14
220,gargae_sm=2,price=3,doors=10,floors=3
221,gargae_sm=10,garden_sm=1,windows=2,dist_city=8
222,floors=3,windows=4
223,nbath=3,nbedrooms=3
224,dist_city=5,nrooms=4,nbedrooms=2,gargae_sm=5
225,nbedrooms=2,nbath=2,dist_city=3,floors=1
226,year=7,sm=30
227,garden_sm=9
228,dist_city=19
229,year=30,gargae_sm=4,doors=4
230,nbath=1
231,nrooms=3,floors=1,garden_sm=5
232,garden_sm=10,nbedrooms=2,dist_city=12,nrooms=3
233,dist_city=20,gargae_sm=4
234,windows=19
235,garden_sm=1,dist_city=10,price=46,gargae_sm=2
236,doors=2,gargae_sm=6,floors=1
237,windows=12
238,nrooms=2
239,sm=3,garden_sm=7
240,year=12,sm=32,doors=4
241,dist_city=15,year=4,sm=34,gargae_sm=6
242,year=15,sm=24,floors=3,doors=10
243,price=35,nbath=3
244,garden_sm=5,nrooms=4,doors=4
245,floors=2,year=18
246,garden_sm=9,windows=6
247,doors=3,floors=3
248,nrooms=5
249,sm=5,garden_sm=6,gargae_sm=8,price=28
250,nrooms=3,sm=11
251,nbedrooms=3,garden_sm=9,sm=40
252,nrooms=4
253,gargae_sm=7
254,dist_city=18
255,doors=2,gargae_sm=7
256,windows=5,nbedrooms=2,nrooms=3,year=28
257,garden_sm=8,windows=20,doors=9
258,windows=14,sm=2,price=36,doors=5
259,garden_sm=2,doors=6,windows=3
260,gargae_sm=6
261,year=26,floors=2,nbedrooms=2
262,sm=19
263,garden_sm=5,floors=2,year=3
264,nbedrooms=3,dist_city=13,year=29
265,nbedrooms=3
266,doors=4,year=6,nbedrooms=3
267,dist_city=12
268,year=12
269,nbedrooms=3
270,sm=37,price=21,floors=1
271,year=8
272,nrooms=5,nbath=3,nbedrooms=1
273,garden_sm=7,floors=1
274,doors=1,dist_city=12,nrooms=2,floors=1
275,windows=1
276,nbath=2
277,garden_sm=2,floors=1,nbath=2
278,price=12,gargae_sm=4,windows=4,sm=37
279,floors=3,year=7,nrooms=3,doors=8
280,doors=10,garden_sm=7
281,nbath=1
282,doors=2,windows=20,sm=17,dist_city=19
283,sm=24
284,gargae_sm=2,doors=6,price=38
285,doors=6,dist_city=6,nrooms=1,windows=11
286,garden_sm=8,nbedrooms=3,dist_city=12,sm=40
287,garden_sm=8,nrooms=5,year=20,doors=8
288,price=4,garden_sm=2
289,dist_city=4,doors=8
290,garden_sm=9,windows=19,gargae_sm=4
291,gargae_sm=4
292,year=25,nrooms=2,garden_sm=8,gargae_sm=2
293,nrooms=4,gargae_sm=3,garden_sm=2
294,doors=1
295,gargae_sm=4,nrooms=1
296,dist_city=12,nrooms=5,sm=29
297,doors=2,gargae_sm=6
298,sm=16,dist_city=4,year=19
299,nrooms=1,doors=1,nbedrooms=3
300,nrooms=1,garden_sm=3
301,doors=8
302,dist_city=16,floors=2,nbath=3,price=20
303,windows=6
304,year=10,dist_city=3,gargae_sm=10
305,floors=2,dist_city=11,doors=6
306,sm=10,dist_city=12
307,nrooms=1,price=27
308,gargae_sm=7
309,doors=5,gargae_sm=1,nbedrooms=1,floors=2
310,garden_sm=6,doors=5
311,doors=10,dist_city=6,nbath=3
312,nbath=2
313,nbath=2,garden_sm=3
314,nbath=3,sm=28
315,dist_city=15,garden_sm=5
316,year=27,nbath=3
317,dist_city=5,nbedrooms=1
318,doors=10,nrooms=1
319,nrooms=3,nbedrooms=2,dist_city=5,doors=1
320,price=24,floors=1,windows=16
321,garden_sm=8,nrooms=4
322,doors=7
323,sm=7,doors=3
324,windows=4,floors=3,nbedrooms=2,nbath=2
325,dist_city=19,doors=4,year=15
326,nbath=3
327,nbath=2,nbedrooms=2,sm=6,gargae_sm=9
328,garden_sm=5,sm=38,nbath=1,nbedrooms=1
329,windows=13,doors=9,nrooms=5
330,price=20,garden_sm=2,sm=11
331,windows=4,gargae_sm=9,doors=6
332,price=2,sm=4,doors=7,year=5
333,dist_city=5,year=14,windows=17
334,year=28,dist_city=4,nbath=3
335,nbedrooms=3
336,gargae_sm=8,sm=23
337,year=13,nbedrooms=2,dist_city=17
338,floors=1
339,nbath=3,nbedrooms=1
340,floors=2,year=17,windows=20,gargae_sm=2
341,windows=13,gargae_sm=3
342,nbath=1,dist_city=3,year=21
343,nbath=2,garden_sm=7,gargae_sm=3,sm=4
344,garden_sm=3,nbath=3,doors=2,dist_city=14
345,gargae_sm=1,nbedrooms=2
346,nrooms=5,doors=8,windows=6,price=29
347,nrooms=4,floors=3,dist_city=2
348,sm=14,garden_sm=8
349,doors=6,windows=12,gargae_sm=4,floors=2
350,gargae_sm=3
351,year=23,dist_city=12,gargae_sm=8
352,sm=5
353,nrooms=5,dist_city=3,sm=13
354,floors=1,dist_city=10,nbedrooms=3
355,nbedrooms=2,gargae_sm=1,nbath=1,year=24
356,nbedrooms=2
357,windows=18,price=18,gargae_sm=7
358,nbath=2,dist_city=6,gargae_sm=10,doors=4
359,sm=26
360,garden_sm=9,dist_city=19,sm=9,year=4
361,nbath=1,dist_city=16
362,nbedrooms=3,nrooms=1
363,nrooms=2,nbath=2,price=8
364,price=48,gargae_sm=10,nrooms=4
365,dist_city=14
366,nbedrooms=2,sm=26,floors=3,year=11
367,year=25,nbath=2,floors=3
368,garden_sm=5,nbedrooms=3,dist_city=19,year=28
369,nbedrooms=1,windows=14,year=29,sm=35
370,floors=3,gargae_sm=4
371,windows=15
372,floors=3,garden_sm=4,nrooms=1,nbedrooms=1
373,gargae_sm=1,sm=16,doors=1,windows=15
374,garden_sm=4,dist_city=15
375,doors=10,nbedrooms=3
376,garden_sm=9,price=14,windows=16,sm=36
377,nbath=2,price=27
378,windows=18
379,floors=1,dist_city=7,nbath=1
380,price=41
381,windows=18
382,floors=3
383,garden_sm=7,doors=2,nrooms=5,windows=11
384,floors=2,year=19,nbedrooms=1,dist_city=8
385,doors=3
386,price=32,garden_sm=9,floors=3,nbath=3
387,floors=1,sm=38
388,year=6,doors=10,windows=15
389,year=14,windows=13,nbath=3,dist_city=16
390,nbath=3
391,windows=13,year=16,nbedrooms=1,price=12
392,gargae_sm=8,year=20,doors=9,dist_city=15
393,sm=37,year=11,dist_city=10,nbath=1
394,nbath=2,year=26,floors=1,nbedrooms=2
395,nbedrooms=2
396,price=46
397,nbedrooms=1,nrooms=2,gargae_sm=1
398,doors=6,dist_city=8
399,price=41,nbedrooms=2,garden_sm=1
400,nbedrooms=2,nbath=3,doors=7,dist_city=9
401,nbath=1
402,doors=2,floors=1
403,windows=11,garden_sm=5
404,gargae_sm=8
405,floors=2
406,nrooms=3
407,sm=40,year=8,windows=16,gargae_sm=1
408,sm=30,nbedrooms=3,year=23
409,garden_sm=3
410,price=27,sm=39,nbedrooms=3,gargae_sm=9
411,gargae_sm=6,garden_sm=10,sm=35
412,garden_sm=7
413,doors=1,floors=2
414,nrooms=3
415,year=15,floors=3,dist_city=6,windows=1
416,nbedrooms=1,price=39,nrooms=4
417,doors=4
418,garden_sm=6,doors=5,dist_city=19
419,windows=14,nbath=3,floors=1,price=45
420,sm=33
421,windows=1,nbath=3,garden_sm=3
422,sm=19,nbedrooms=3,windows=9,floors=1
423,year=17
424,nrooms=3,price=39,sm=19,nbath=3
425,garden_sm=1
426,nrooms=4,price=40,year=1
427,nbath=3,nrooms=1,price=20
428,price=44,windows=3,floors=2
429,doors=9,nbedrooms=1,dist_city=18,garden_sm=2
430,nrooms=1
431,year=16
432,nrooms=3,price=37,floors=3,year=13
433,price=20,gargae_sm=2,windows=15
434,floors=3,dist_city=3,nbath=1
435,nrooms=1
436,windows=12,doors=3
437,floors=1,gargae_sm=7,nrooms=1
438,dist_city=10,doors=5
439,nbath=3,price=12
440,dist_city=6,sm=36,garden_sm=5
441,windows=16
442,nbedrooms=1
443,garden_sm=9,gargae_sm=5,windows=8
444,floors=2
445,year=29,doors=5,windows=7,nbath=3
446,gargae_sm=8,nbath=3,floors=2
447,year=7,windows=11,dist_city=6
448,windows=8,nrooms=5,nbath=1
449,floors=2,nbedrooms=3,nrooms=2,gargae_sm=2
450,windows=6,nbath=3,garden_sm=10,nbedrooms=1
451,gargae_sm=10
452,nbath=2,doors=7,price=33,dist_city=20
453,nbath=2,gargae_sm=9,dist_city=8,year=14
454,year=15,gargae_sm=8,floors=1,dist_city=3
455,doors=5,gargae_sm=10,price=38
456,price=36,year=30,nbath=2
457,sm=34,gargae_sm=6,nbedrooms=3
458,year=27
459,floors=2
460,doors=5,sm=13,year=28
461,windows=6,nbedrooms=1,nrooms=5,dist_city=7
462,sm=22,price=42,nbedrooms=3
463,garden_sm=8
464,floors=3,garden_sm=1,doors=8
465,garden_sm=2,year=26,sm=16
466,nbath=1,floors=1,windows=5,nrooms=2
467,nrooms=1,year=17
468,dist_city=20,year=2,nbedrooms=2
469,year=1,dist_city=20
470,floors=3,windows=15,nbedrooms=1,sm=38
471,dist_city=2,garden_sm=8,nbath=3,nbedrooms=1
472,garden_sm=6,nbedrooms=2,year=4,nrooms=3
473,dist_city=15,gargae_sm=2,price=24,sm=18
474,nbedrooms=3,year=7,windows=2
475,garden_sm=3
476,floors=1,nbedrooms=1,nbath=2,windows=18
477,doors=4,nrooms=2,garden_sm=5
478,garden_sm=3
479,nbedrooms=2
480,year=1,sm=35
481,gargae_sm=5,nbedrooms=3,doors=5,price=1
482,floors=1
483,dist_city=16,doors=5
484,nrooms=4,dist_city=18,doors=9,price=45
485,doors=10,gargae_sm=7
486,nrooms=4,windows=20
487,windows=6,floors=1
488,nrooms=1,dist_city=16,sm=22
489,doors=10,gargae_sm=2,year=5,price=3
490,year=24,doors=3,nbedrooms=3,nrooms=2
491,nbath=2,doors=1,nbedrooms=2,windows=17
492,doors=10,floors=3,price=14
493,nrooms=1,dist_city=16
494,nrooms=1,dist_city=15
495,doors=1
496,doors=6,year=18,gargae_sm=1,floors=3
497,dist_city=6,price=48,nrooms=5
498,nbedrooms=2
499,doors=5
500,sm=24
501,year=2,windows=7,price=17,nbath=1
502,year=4
503,year=16,nbedrooms=2,nbath=2
504,nbedrooms=3,gargae_sm=1,nrooms=2
505,sm=2,floors=1
506,dist_city=11,nbath=3,gargae_sm=2
507,price=19,dist_city=11
508,dist_city=6,gargae_sm=9,floors=3,nbedrooms=3
509,doors=9
510,dist_city=7
511,year=26,floors=1,dist_city=11,doors=7
512,year=28,doors=5,nrooms=5
513,gargae_sm=8
514,dist_city=20
515,windows=14,floors=1,gargae_sm=5,doors=3
516,floors=3,gargae_sm=3,year=27
517,price=30
518,price=22
519,nrooms=2,nbath=3,dist_city=3,nbedrooms=3
520,nbath=2,nbedrooms=2,garden_sm=4,doors=6
521,garden_sm=7
522,nbath=2,nbedrooms=3,dist_city=5
523,gargae_sm=1,year=4,price=19,doors=9
524,doors=3,sm=39
525,sm=24,price=20,year=28,nbedrooms=3
526,windows=15,sm=23
527,gargae_sm=1,doors=7,nbedrooms=2,nbath=3
528,sm=3,year=12,nbath=3
529,sm=6,garden_sm=9,windows=18
530,year=2
531,nbedrooms=3,floors=3,garden_sm=9
532,windows=5,floors=1,garden_sm=1
533,gargae_sm=5,sm=16,windows=2
534,nbedrooms=1,sm=18,nrooms=2
535,nrooms=5,doors=9
536,nbedrooms=1,gargae_sm=4
537,dist_city=3,price=3,floors=2
538,doors=5
539,gargae_sm=2
540,sm=33
541,garden_sm=9,nrooms=5,dist_city=11
542,year=8
543,nbath=1,windows=3,dist_city=3
544,year=29,dist_city=1,price=3,windows=17
545,floors=3,gargae_sm=8
546,garden_sm=2,windows=11
547,price=2,nbedrooms=3,nbath=3
548,gargae_sm=6,year=15,sm=23
549,gargae_sm=7,nrooms=1,garden_sm=9,dist_city=10
550,nrooms=4,dist_city=10,garden_sm=4,nbedrooms=3
551,year=27,garden_sm=7
552,price=41,windows=6
553,gargae_sm=9
554,nrooms=1,price=38,nbath=2
555,floors=3
556,sm=22
557,garden_sm=7
558,year=2,garden_sm=1,sm=20
559,price=48,gargae_sm=10
560,garden_sm=1
561,nrooms=5,nbedrooms=3,sm=16,floors=2
562,price=25,windows=1
563,year=8,sm=6
564,windows=1
565,nrooms=1,dist_city=10,year=26
566,nbedrooms=3,year=26,dist_city=7
567,nbedrooms=1,gargae_sm=3,sm=25
568,gargae_sm=8,floors=1,sm=38
569,year=27,garden_sm=4
570,sm=14
571,price=49
572,doors=1,windows=16,gargae_sm=10,dist_city=17
573,nbath=3,year=5
574,sm=35,dist_city=1,doors=6
575,gargae_sm=3,nbath=1
576,dist_city=13,nbath=2,windows=1,sm=35
577,nrooms=1
578,floors=2,gargae_sm=8,sm=5
579,price=26,garden_sm=3,windows=1,year=14
580,gargae_sm=7
581,garden_sm=7,floors=1,dist_city=15
582,nrooms=3,floors=1,nbedrooms=1,dist_city=7
583,nbath=1,gargae_sm=6,garden_sm=2,sm=33
584,nbedrooms=2,doors=9
585,gargae_sm=2,garden_sm=3,nbath=1,price=33
586,garden_sm=8,nbath=1
587,price=24,windows=3,garden_sm=5,sm=26
588,doors=10
589,floors=1
590,garden_sm=10,nbath=1
591,gargae_sm=3,windows=10,sm=25
592,dist_city=18,year=15,nbath=1,gargae_sm=4
593,nbath=2
594,nbedrooms=3,nrooms=5,floors=2
595,floors=1,dist_city=20,gargae_sm=4,garden_sm=4
596,floors=2,nbedrooms=2
597,dist_city=18,price=42,year=1,nbedrooms=1
598,nrooms=2
599,nbath=2,doors=9,gargae_sm=9,garden_sm=1
600,nbedrooms=1
601,dist_city=5,windows=5
602,sm=34,floors=2,price=6
603,sm=26,gargae_sm=5,nbedrooms=3
604,doors=8,sm=26,price=32
605,dist_city=11,garden_sm=3
606,gargae_sm=5,sm=23,nrooms=1
607,sm=26,garden_sm=9
608,nrooms=2
609,nrooms=4
610,floors=3
611,nrooms=1,nbedrooms=2
612,year=27
613,dist_city=12,sm=27,doors=8
614,dist_city=2,nrooms=2,year=20,nbath=3
615,nrooms=2
616,windows=13,garden_sm=1,nbath=3
617,dist_city=10
618,sm=3
619,year=26
620,nbedrooms=3,price=43,sm=12
621,nbath=2,gargae_sm=10,price=35
622,nrooms=4,nbedrooms=2,doors=5,year=28
623,doors=7,nbedrooms=3,year=3
624,price=47,dist_city=11,sm=28,floors=2
625,sm=13,gargae_sm=7,year=18
626,dist_city=11
627,windows=17,gargae_sm=10,sm=37
628,nbedrooms=1,floors=3,windows=18
629,windows=15,nbedrooms=3,floors=3
630,doors=10,sm=17
631,gargae_sm=5,nbedrooms=2
632,floors=3,nbedrooms=2
633,nbedrooms=3
634,nrooms=2,nbedrooms=1
635,nbath=1,garden_sm=1,gargae_sm=4
636,gargae_sm=9,nbedrooms=3
637,doors=3,gargae_sm=3,garden_sm=4
638,windows=7,nbath=1,doors=5
639,doors=9,nbedrooms=2,windows=18,dist_city=12
640,dist_city=20
641,nbath=3
642,doors=2
643,floors=2,doors=9,garden_sm=7,windows=6
644,price=33
645,price=35
646,doors=5,nbedrooms=3,nrooms=3,gargae_sm=8
647,garden_sm=4,dist_city=4,doors=9,year=9
648,floors=2,gargae_sm=10,garden_sm=5,nbath=2
649,doors=6,dist_city=10
650,year=7,nbedrooms=2
651,price=45,dist_city=15,gargae_sm=2,year=4
652,sm=18,year=3
653,price=7
654,doors=9,year=19,sm=20
655,nbath=3
656,nbath=3,price=41
657,sm=29,dist_city=11,nbath=2,nbedrooms=3
658,nbedrooms=1,price=46,year=4
659,year=14,sm=10
660,windows=18,sm=33
661,nrooms=3,sm=12,garden_sm=7
662,dist_city=3,price=31,doors=7
663,garden_sm=3,nbath=3
664,nbedrooms=2,nrooms=1,price=35,doors=4
665,nbedrooms=2,nrooms=2
666,garden_sm=8,nrooms=4,sm=26
667,nbath=2,price=47
668,dist_city=1,doors=2,nbath=2,gargae_sm=2
669,floors=3
670,price=3,sm=16,floors=1,year=21
671,nbath=1,doors=3,sm=16
672,gargae_sm=1
673,doors=5,sm=18
674,nbedrooms=2
675,doors=8
676,floors=1
677,dist_city=1,year=10,nbedrooms=3,floors=1
678,windows=13
679,dist_city=20
680,price=43
681,nrooms=5,nbedrooms=2
682,nbath=1,gargae_sm=1,doors=10
683,garden_sm=6
684,year=11
685,nbedrooms=2,nrooms=3,dist_city=17
686,windows=13,floors=2,garden_sm=1,nbath=1
687,floors=3,nbedrooms=1,nbath=1
688,dist_city=7
689,windows=20
690,nrooms=4
691,garden_sm=9,dist_city=13,nbedrooms=1
692,nbedrooms=3,windows=17,gargae_sm=1,price=33
693,price=20,nrooms=5,garden_sm=1,sm=20
694,floors=2,price=32,doors=10
695,windows=5
696,nbedrooms=2,year=21,gargae_sm=6
697,sm=9,year=19,floors=2,gargae_sm=1
698,doors=8,gargae_sm=7
699,year=2
700,price=10
701,dist_city=8,year=5
702,gargae_sm=2,doors=8,price=15
703,dist_city=12,gargae_sm=3
704,dist_city=18,nbedrooms=2,nrooms=1
705,nbath=2
706,windows=19,gargae_sm=5
707,dist_city=19,year=15,doors=4
708,windows=2,year=2
709,doors=7,sm=19,gargae_sm=9
710,gargae_sm=8,nbedrooms=3,price=30
711,nrooms=2,nbedrooms=1,year=30,windows=11
712,doors=6,nbedrooms=2
713,year=14,floors=3,nbath=3,windows=10
714,windows=20,nrooms=4
715,price=19,dist_city=2,year=6,floors=2
716,gargae_sm=1,year=7,price=12,doors=6
717,floors=1,gargae_sm=9,sm=20
718,doors=5,garden_sm=3,windows=2,nbedrooms=1
719,year=21,floors=2,nbedrooms=3,dist_city=6
720,price=12
721,nrooms=4,doors=7,gargae_sm=1,nbath=3
722,gargae_sm=1
723,nrooms=2
724,doors=2,year=6,nrooms=4
725,year=14,dist_city=15,nbath=2,price=19
726,nbedrooms=2,gargae_sm=8,floors=1,nrooms=1
727,year=4,dist_city=10,nrooms=1,garden_sm=9
728,year=28
729,gargae_sm=4,price=16
730,garden_sm=10,nbath=2,dist_city=3,windows=8
731,nbedrooms=1,nbath=2
732,floors=3,doors=3,windows=16,nbath=2
733,windows=12,sm=25,garden_sm=2,doors=10
734,gargae_sm=2,sm=24,price=31
735,year=6
736,dist_city=10,nbedrooms=2
737,windows=2,floors=2
738,dist_city=5,garden_sm=4,windows=10
739,garden_sm=10
740,garden_sm=1
741,windows=4,sm=23,doors=10
742,dist_city=2,nbedrooms=3,sm=9,price=11
743,gargae_sm=5,dist_city=7
744,gargae_sm=9
745,garden_sm=9,year=26,gargae_sm=7,price=23
746,doors=6
747,nbath=1,nrooms=3
748,doors=5,dist_city=9,year=18
749,gargae_sm=5
750,year=17,windows=5
751,gargae_sm=3
752,year=17,windows=3,gargae_sm=8
753,gargae_sm=9,windows=14,price=44
754,nbath=2
755,sm=17,dist_city=13
756,price=10,garden_sm=9,nbath=1,sm=6
757,nrooms=3,gargae_sm=8,nbath=3,dist_city=12
758,nrooms=3
759,gargae_sm=1,year=11
760,price=38,gargae_sm=9
761,dist_city=16
762,nbedrooms=1,dist_city=5
763,dist_city=20,nrooms=1
764,floors=2,price=28,year=15
765,floors=2,nbath=1
766,sm=37,year=25,garden_sm=2,doors=10
767,dist_city=4,nrooms=5
768,dist_city=7,garden_sm=9,year=6
769,dist_city=19,nrooms=3,floors=1,doors=3
770,nrooms=4,doors=10
771,doors=9,floors=2,dist_city=13,sm=37
772,dist_city=15,nbath=2,sm=20
773,year=20,garden_sm=2
774,garden_sm=5,dist_city=18,nbedrooms=1,gargae_sm=9
775,price=21,floors=1,year=12,nbath=2
776,price=37,nrooms=3
777,dist_city=18
778,doors=9,nbedrooms=3,dist_city=12
779,dist_city=10
780,year=20,floors=3,sm=34,windows=19
781,doors=8,gargae_sm=5,garden_sm=9
782,nbedrooms=1,sm=4
783,sm=1
784,gargae_sm=2,garden_sm=5,year=27
785,sm=10,price=22,year=3
786,gargae_sm=7,doors=8,windows=17,nbath=3
787,floors=3,nrooms=1
788,gargae_sm=1,nbath=3,year=19
789,dist_city=17,nbath=1
790,sm=2,gargae_sm=6,nbath=1,nbedrooms=1
791,floors=2,nrooms=3,nbath=2
792,year=1,price=38
793,dist_city=20,nbedrooms=1,doors=6
794,year=8
795,dist_city=4,nbath=3
796,dist_city=14
797,garden_sm=9,sm=18,nbath=3,nbedrooms=2
798,price=4
799,nrooms=4
800,garden_sm=3,nrooms=3,windows=8,dist_city=17
801,doors=2,nbath=2,garden_sm=9,year=18
802,dist_city=17,sm=36
803,sm=4,nbath=1,price=44
804,garden_sm=10,doors=3
805,floors=1,price=46,windows=13,nbedrooms=1
806,dist_city=10,gargae_sm=4,doors=10
807,sm=17,price=21,windows=12
808,doors=8,floors=2,price=39
809,year=13
810,windows=17,nbedrooms=3,price=31,nbath=1
811,nbedrooms=3,garden_sm=3,gargae_sm=7,windows=12
812,price=18
813,nrooms=2
814,garden_sm=10,windows=19,sm=6,nrooms=3
815,nrooms=1,floors=3,doors=5
816,nbedrooms=1,year=23,nbath=1
817,garden_sm=2
818,gargae_sm=7,garden_sm=4,windows=1,floors=1
819,nbath=3,gargae_sm=6,nbedrooms=2,doors=8
820,sm=28,nbedrooms=2,floors=2,garden_sm=5
821,nbath=3,gargae_sm=1,sm=2
822,gargae_sm=8,year=21,doors=5,nbedrooms=2
823,gargae_sm=3
824,year=21,windows=10,nbedrooms=3
825,price=44,nrooms=2,dist_city=5
826,doors=10,nbath=3
827,sm=22
828,sm=35,nbath=1
829,floors=3,garden_sm=2
830,nrooms=3,floors=1,nbath=2,year=13
831,floors=3
832,nbedrooms=3,price=20,floors=1,doors=2
833,floors=3
834,windows=20
835,windows=9
836,floors=1,year=29
837,sm=34
838,windows=19,dist_city=10
839,nbedrooms=2,nrooms=4,price=43,garden_sm=1
840,nbedrooms=3,garden_sm=1,dist_city=15,sm=31
841,windows=3,nbedrooms=3
842,garden_sm=9
843,windows=16,nbath=2,floors=1,price=30
844,floors=2,sm=25
845,nrooms=2,sm=4
846,floors=1
847,floors=3,price=35,gargae_sm=10,sm=7
848,dist_city=12,sm=36,doors=3
849,price=25,windows=6
850,garden_sm=7
851,price=38,nbedrooms=2,floors=3,dist_city=4
852,price=30,windows=17
853,floors=1
854,price=47,floors=1
855,nrooms=4,gargae_sm=6
856,nbath=2,dist_city=8
857,sm=1
858,nbath=2,dist_city=18
859,sm=24,nrooms=1
860,doors=8
861,garden_sm=2,floors=3
862,gargae_sm=6
863,sm=8,floors=2,garden_sm=2
864,doors=8,gargae_sm=5,garden_sm=4
865,doors=1
866,doors=9,gargae_sm=3
867,sm=6
868,price=5,doors=1,floors=1,dist_city=2
869,nbath=2,dist_city=13
870,year=19
871,garden_sm=7,windows=8,nbath=3
872,price=41
873,windows=4
874,nrooms=5,nbedrooms=3
875,floors=3
876,gargae_sm=9
877,dist_city=3
878,dist_city=6,year=11,gargae_sm=1,price=30
879,nrooms=5,doors=2,price=21
880,floors=3,nbath=3
881,dist_city=9,year=25,price=35,windows=11
882,garden_sm=3,windows=13
883,sm=25,windows=10,price=5
884,floors=2
885,nbedrooms=3
886,price=2,garden_sm=9,doors=5
887,nbedrooms=3
888,price=29,nbedrooms=1
889,doors=8,price=22
890,year=14
891,floors=1,year=5
892,gargae_sm=8
893,nbedrooms=3,year=19,floors=3
894,year=2,nrooms=4
895,year=1
896,doors=9
897,nrooms=4
898,nbedrooms=1,price=44
899,floors=1,nbedrooms=1,windows=6
900,garden_sm=3,price=31
901,sm=6,windows=14,floors=3,nbath=3
902,sm=36,price=31,nrooms=4
903,dist_city=16
904,year=23,sm=24,windows=1
905,windows=15,nrooms=1,nbath=3
906,doors=1,nrooms=1
907,nrooms=3,dist_city=8,year=21
908,windows=13,garden_sm=9
909,nrooms=4,garden_sm=3,windows=15,doors=8
910,dist_city=1,garden_sm=7,nbedrooms=1
911,year=5,gargae_sm=7
912,windows=6,gargae_sm=6,year=16
913,nbedrooms=1,doors=1,price=22
914,sm=40,price=34,floors=2
915,year=29,floors=2
916,dist_city=6,garden_sm=2,doors=1,floors=2
917,nbedrooms=1,windows=17
918,floors=2,windows=19,doors=1
919,dist_city=9,nbedrooms=1,year=3
920,floors=1,gargae_sm=8
921,nbath=3,year=9
922,sm=18,nbedrooms=2,price=23
923,garden_sm=2,year=7,doors=2,windows=10
924,price=50,garden_sm=8
925,nbath=2
926,gargae_sm=9,garden_sm=3
927,price=24,sm=22,nbath=3,nbedrooms=1
928,nrooms=2
929,gargae_sm=8,nbedrooms=3,nrooms=2
930,gargae_sm=6,garden_sm=1,year=4
931,nbedrooms=3,dist_city=13,nbath=1,gargae_sm=5
932,gargae_sm=2,nbath=1,garden_sm=7
933,gargae_sm=2,price=4,garden_sm=9
934,windows=11,nrooms=3,year=28
935,year=10,dist_city=4,windows=15,floors=3
936,price=21
937,price=1,year=21
938,year=24,garden_sm=3,doors=6,floors=3
939,doors=1,dist_city=17,windows=10
940,garden_sm=2
941,nbath=1,garden_sm=9,gargae_sm=4
942,windows=18
943,doors=9,gargae_sm=1,price=19,nbath=2
944,gargae_sm=8,nbath=1,nrooms=4,windows=12
945,nbath=1,dist_city=20,windows=8,doors=2
946,nbath=2
947,price=14,garden_sm=2,floors=2,dist_city=15
948,price=8,floors=3,sm=32
949,price=2,doors=10,year=21,gargae_sm=3
950,nbedrooms=3,nbath=2
951,garden_sm=1
952,dist_city=5
953,floors=1,doors=6
954,doors=4
955,doors=2,dist_city=6,price=18,garden_sm=3
956,floors=1,nrooms=3,year=22,doors=5
957,windows=2,nrooms=3,sm=29,doors=3
958,doors=2,year=11,floors=2,sm=22
959,floors=1,windows=17,sm=32,price=26
960,doors=10,nbedrooms=1
961,garden_sm=3,doors=9,floors=1,dist_city=13
962,gargae_sm=5,garden_sm=8,year=22
963,windows=12,floors=3,year=27
964,nbedrooms=3,windows=1,nrooms=5
965,garden_sm=3,windows=10,year=28
966,floors=2
967,nrooms=4,nbath=3
968,garden_sm=10,windows=13
969,price=13,garden_sm=8
970,price=15,gargae_sm=10
971,price=41,year=30,gargae_sm=9,nbath=1
972,nrooms=2,year=3
973,nrooms=1,doors=2,year=1,sm=38
974,gargae_sm=1,doors=5,price=7,sm=2
975,doors=3,nrooms=5,price=8,dist_city=4
976,doors=6,floors=1,sm=1,garden_sm=5
977,nbedrooms=1
978,doors=1,garden_sm=2,nrooms=3,year=15
979,floors=2
980,price=42,windows=10,sm=21,nbedrooms=2
981,nbedrooms=2,sm=13,garden_sm=5
982,price=49,gargae_sm=9
983,garden_sm=8,nbath=3,dist_city=15,gargae_sm=6
984,garden_sm=7,nbedrooms=1,doors=9
985,price=20,doors=4,windows=15
986,price=49,dist_city=8,garden_sm=9
987,nrooms=3,floors=2
988,doors=5,gargae_sm=5,windows=10,floors=1
989,doors=3,garden_sm=8
990,sm=3
991,gargae_sm=8,garden_sm=6,floors=2
992,year=13,floors=2,sm=32,dist_city=20
993,nbath=1,doors=5
994,nbath=2
995,windows=16,doors=7,sm=37,garden_sm=7
996,nrooms=5,gargae_sm=2
997,garden_sm=9,nrooms=2,nbath=1,windows=13
998,sm=14,nbedrooms=2,dist_city=9,nbath=2
999,nbath=3
1000,nbedrooms=2,dist_city=3,nbath=3
1001,nrooms=4
1002,nbedrooms=3,price=6
1003,windows=17,garden_sm=3,nbedrooms=1,year=2
1004,price=33,nbedrooms=3,dist_city=5
1005,year=20
1006,gargae_sm=5,garden_sm=10
1007,doors=7,floors=1,windows=17,nbedrooms=2
1008,garden_sm=8,nbedrooms=1
1009,garden_sm=6
1010,doors=2,gargae_sm=9,nbedrooms=1
1011,floors=3,year=4
1012,floors=1,gargae_sm=8,sm=15,doors=4
1013,dist_city=4
1014,nbath=1,nbedrooms=1,windows=3,garden_sm=10
1015,price=25,sm=5,dist_city=3
1016,floors=2,garden_sm=1,gargae_sm=8,year=10
1017,garden_sm=9,gargae_sm=2,sm=31,nbedrooms=1
1018,nrooms=5,nbath=2,price=2,gargae_sm=6
1019,nrooms=1,floors=1,garden_sm=4
1020,gargae_sm=7
1021,floors=2
1022,windows=15
1023,garden_sm=2
1024,nrooms=4,floors=2
1025,sm=28
1026,sm=8,doors=4,windows=17,gargae_sm=8
1027,year=25,nbath=2,sm=32
1028,nbath=2
1029,nrooms=1,nbath=1,doors=1,garden_sm=6
1030,windows=12
1031,sm=36,windows=3
1032,year=26,doors=7,floors=3,price=35
1033,gargae_sm=7,garden_sm=4
1034,nbath=3,price=34,nrooms=3
1035,doors=6,sm=21,floors=1
1036,nbedrooms=1,year=30
1037,nbedrooms=3,gargae_sm=2,price=17
1038,sm=38,nrooms=3,nbedrooms=1
1039,dist_city=1,gargae_sm=3,price=6
1040,gargae_sm=10,year=20
1041,nrooms=4,dist_city=18,sm=8,garden_sm=8
1042,year=23,nbedrooms=2
1043,garden_sm=9,dist_city=6
1044,dist_city=1
1045,garden_sm=1,doors=9,dist_city=5,nbath=1
1046,windows=1,doors=7,gargae_sm=1
1047,dist_city=1
1048,gargae_sm=9
1049,windows=17,nrooms=1,gargae_sm=10,nbath=1
1050,doors=5,dist_city=5
1051,price=28,garden_sm=5
1052,dist_city=16,nrooms=3
1053,floors=1
1054,year=11,sm=9,gargae_sm=9
1055,nbath=3,nrooms=1
1056,garden_sm=10,dist_city=10,floors=1
1057,price=50,garden_sm=1,sm=15,dist_city=2
1058,price=34,floors=1,windows=6
1059,nbedrooms=3
1060,gargae_sm=2,nbedrooms=3
1061,floors=3,nrooms=5,year=3
1062,year=22
1063,dist_city=10,nbedrooms=2,floors=2,nrooms=3
1064,year=25,sm=12,garden_sm=3,gargae_sm=10
1065,year=21
1066,dist_city=1,nrooms=2,doors=9,price=14
1067,sm=38,gargae_sm=10,nbath=3
1068,nbedrooms=3,windows=20,floors=2,price=15
1069,windows=19,nbedrooms=1
1070,nrooms=1,price=20,doors=2,gargae_sm=2
1071,doors=1,dist_city=8
1072,windows=3,nrooms=5
1073,gargae_sm=1,nbath=2
1074,nbedrooms=2
1075,nrooms=1,nbedrooms=1,dist_city=9
1076,windows=11
1077,nbath=2
1078,floors=3,windows=12
1079,price=12,garden_sm=2,nbath=3
1080,sm=3,nbath=1
1081,gargae_sm=9,year=25,price=9
1082,garden_sm=3,dist_city=5,sm=18
1083,nbath=2,nrooms=3,nbedrooms=1,doors=4
1084,nrooms=4,gargae_sm=7,dist_city=15,price=46
1085,windows=18,nbedrooms=1,nbath=1
1086,nbath=1,price=8,nrooms=5,nbedrooms=3
1087,nrooms=3,doors=5,sm=27
1088,gargae_sm=7
1089,price=13,doors=4,nbath=3,sm=17
1090,nbedrooms=1,floors=1,garden_sm=10
1091,nrooms=3,nbath=2,garden_sm=2,year=15
1092,price=31,nbath=1,nrooms=4,doors=7
1093,nbedrooms=1,nbath=1,price=14
1094,nbedrooms=3
1095,garden_sm=4,nrooms=3,sm=18
1096,nbath=2,gargae_sm=4
1097,nbedrooms=1,windows=3
1098,nbath=3,windows=9,nbedrooms=1
1099,nrooms=2,year=30,floors=1,sm=7
1100,nbedrooms=3
1101,nbath=1,price=47
1102,gargae_sm=1,garden_sm=3,nbath=1
1103,windows=7
1104,gargae_sm=5,dist_city=19
1105,nbedrooms=1,nrooms=5
1106,nbedrooms=1,nbath=1
1107,sm=39,garden_sm=5,windows=17
1108,garden_sm=4,gargae_sm=5,nbath=2,doors=7
1109,year=15,dist_city=9
1110,price=29,floors=2,windows=20
1111,nrooms=5
1112,price=14,floors=3
1113,nbath=3,year=21,nrooms=4,price=5
1114,sm=3,nrooms=3
1115,nrooms=1
1116,dist_city=12,doors=3,garden_sm=1,nbath=1
1117,doors=8
1118,dist_city=16,floors=3,nrooms=1
1119,floors=1,dist_city=15,garden_sm=10,price=24
1120,nbath=2,doors=8,price=11
1121,gargae_sm=9,year=10,windows=3,dist_city=18
1122,windows=13,price=15,gargae_sm=3,nrooms=5
1123,nbedrooms=3
1124,nbath=3,windows=15,gargae_sm=7
1125,nbath=1,year=10,gargae_sm=8,doors=9
1126,gargae_sm=7,sm=28,nrooms=4,nbedrooms=3
1127,gargae_sm=3
1128,gargae_sm=1
1129,year=13,dist_city=7,sm=17
1130,floors=2,garden_sm=7,nbedrooms=1
1131,sm=31
1132,nrooms=1,year=26,price=45,nbath=3
1133,windows=11,garden_sm=1,sm=38,nrooms=2
1134,dist_city=10
1135,floors=1
1136,doors=8,nbath=3,sm=16
1137,year=7,garden_sm=9,nrooms=1
1138,nbedrooms=1,sm=24,nrooms=4,year=17
1139,windows=14,garden_sm=2
1140,garden_sm=6,dist_city=19,price=36
1141,floors=2,gargae_sm=4,nrooms=5
1142,nbath=2,dist_city=10,windows=17,nbedrooms=1
1143,garden_sm=5,nbath=2,nrooms=3,nbedrooms=2
1144,price=14,floors=2,nbath=1,year=24
1145,windows=1
1146,nrooms=5,windows=17
1147,dist_city=8,nrooms=3
1148,price=2,windows=5,gargae_sm=7,doors=8
1149,year=24
1150,windows=5
1151,nbedrooms=3,floors=3,garden_sm=8
1152,year=6,nrooms=5,doors=5
1153,dist_city=7
1154,doors=7
1155,garden_sm=2
1156,nbedrooms=1
1157,floors=1
1158,garden_sm=7
1159,nrooms=2
1160,garden_sm=8
1161,year=20,floors=2,price=29
1162,windows=7,sm=22,gargae_sm=8
1163,nbedrooms=3,floors=2,dist_city=8
1164,nbedrooms=1
1165,year=11,doors=2,gargae_sm=5
1166,garden_sm=8
1167,windows=19,gargae_sm=8
1168,windows=20,doors=10,floors=1,garden_sm=6
1169,windows=14
1170,doors=9
1171,doors=8,floors=3,garden_sm=10
1172,nrooms=1,nbedrooms=2
1173,nbedrooms=1
1174,gargae_sm=9,doors=5
1175,gargae_sm=5,dist_city=13,windows=10
1176,floors=2,doors=4,windows=19
1177,windows=13
1178,floors=2,doors=3,gargae_sm=10
1179,windows=6,year=8
1180,doors=6,windows=2,nbath=1
1181,gargae_sm=5,year=20,price=28
1182,nrooms=4
1183,sm=30
1184,windows=2,nbedrooms=3
1185,doors=8,floors=2,year=8
1186,sm=30,dist_city=2,price=33,windows=9
1187,year=23,nbedrooms=1
1188,garden_sm=5,windows=9,nrooms=5,year=17
1189,doors=2,nbath=1,dist_city=10,nrooms=3
1190,price=50,garden_sm=10,year=21,doors=5
1191,year=30,nbedrooms=1,floors=3,dist_city=3
1192,nbedrooms=1
1193,nbath=2,sm=40,nbedrooms=3
1194,nbedrooms=1,nrooms=4,floors=2
1195,nrooms=4
1196,floors=3
1197,nbedrooms=1,nrooms=2,gargae_sm=4,price=50
1198,garden_sm=9,floors=3,windows=15,nbath=3
1199,price=23
1200,sm=21,doors=3,nbath=2
1201,price=41,sm=33,nbedrooms=2
1202,floors=2,gargae_sm=7,garden_sm=4,nrooms=5
1203,gargae_sm=7,nbath=1
1204,nbath=1
1205,year=12,garden_sm=8,nbedrooms=3
1206,garden_sm=4,floors=3,nbedrooms=2
1207,floors=3,nbath=1
1208,floors=3,nrooms=3,windows=8,gargae_sm=2
1209,windows=19,floors=3
1210,dist_city=9,floors=3,nbedrooms=3
1211,floors=1,nrooms=3
1212,dist_city=10,nbath=1,nbedrooms=1
1213,nbedrooms=3,sm=19,dist_city=5
1214,price=36,dist_city=15
1215,sm=11,year=27,nbath=1,floors=3
1216,windows=6,year=10,price=15
1217,gargae_sm=9
1218,garden_sm=3,price=13,windows=1
1219,year=5
1220,gargae_sm=9
1221,dist_city=7,windows=18,doors=10,floors=3
1222,nrooms=2,dist_city=15
1223,price=13,gargae_sm=6,garden_sm=6
1224,nrooms=1,sm=38,floors=3
1225,gargae_sm=7,garden_sm=2,dist_city=1,nbedrooms=2
1226,year=13,nrooms=1,nbath=2
1227,doors=6,sm=13
1228,price=19,floors=2
1229,floors=3
1230,price=45,nbath=1
1231,dist_city=8,floors=3,doors=7,nbedrooms=2
1232,year=7,doors=6
1233,windows=19
1234,garden_sm=6,price=33
1235,floors=2,gargae_sm=8
1236,price=35,windows=20,nrooms=4,doors=6
1237,sm=32,year=19,dist_city=6,doors=6
1238,nrooms=2
1239,nrooms=4,garden_sm=2,doors=2
1240,floors=1,year=24,nbedrooms=3,price=26
1241,price=32,doors=5
1242,floors=2,year=3,nrooms=2
1243,gargae_sm=2,nrooms=1,year=5,garden_sm=6
1244,doors=7
1245,doors=8
1246,year=29,sm=13,windows=1,floors=1
1247,dist_city=5,year=10,nrooms=3
1248,dist_city=16
1249,floors=1,nbath=2,gargae_sm=6,price=47
1250,sm=29,nrooms=5
1251,nbath=3
1252,nbath=1,windows=18,garden_sm=3,dist_city=7
1253,price=50
1254,gargae_sm=9
1255,floors=1
1256,doors=6,nrooms=2,year=30,garden_sm=2
1257,dist_city=4,sm=4
1258,doors=8,year=14,price=42
1259,gargae_sm=7
1260,nrooms=3,year=10,nbedrooms=3,garden_sm=8
1261,nbedrooms=1,windows=20,floors=1
1262,nbath=1,year=9,sm=17
1263,windows=7,garden_sm=1
1264,floors=1
1265,dist_city=12,nbedrooms=3,gargae_sm=4
1266,dist_city=13,year=19,nrooms=5,sm=35
1267,gargae_sm=10,price=41,sm=38
1268,garden_sm=8,nbath=2,floors=1
1269,sm=13
1270,price=13,gargae_sm=3
1271,price=25,year=16,garden_sm=4,nbedrooms=3
1272,nbedrooms=2,dist_city=17
1273,year=3,dist_city=7
1274,gargae_sm=10
1275,doors=9
1276,doors=5
1277,nrooms=3,dist_city=9,gargae_sm=9,nbath=3
1278,garden_sm=6,sm=2,floors=1
1279,price=19,windows=17,doors=3,nbedrooms=3
1280,garden_sm=8
1281,year=26
1282,nbedrooms=3,dist_city=17,price=24,nrooms=3
1283,nbedrooms=2
1284,doors=10,garden_sm=7,gargae_sm=7,nbath=3
1285,garden_sm=10
1286,sm=34
1287,price=21,nbedrooms=3,sm=21
1288,nbath=3,price=42
1289,dist_city=14,windows=12,price=38,floors=1
1290,nbedrooms=1,price=31
1291,floors=2,nrooms=2,nbedrooms=3
1292,sm=20,gargae_sm=7
1293,gargae_sm=8
1294,nbedrooms=2
1295,nrooms=2,nbath=3
1296,garden_sm=3,gargae_sm=4,nbedrooms=3
1297,doors=3,floors=1,year=15
1298,price=46,nbath=2,windows=14,year=1
1299,floors=2,nbedrooms=3,windows=2,nrooms=5
1300,windows=15,garden_sm=8,gargae_sm=6,dist_city=8
1301,windows=19,nrooms=2,price=40
1302,doors=10,nrooms=3,nbath=2
1303,floors=2,nbedrooms=1
1304,gargae_sm=8,price=23,floors=3
1305,garden_sm=9,nbath=1,price=2
1306,floors=1
1307,floors=2,sm=16,dist_city=11,garden_sm=5
1308,year=19,doors=7,sm=5
1309,dist_city=15,windows=3
1310,gargae_sm=9
1311,floors=3,windows=19,year=16
1312,year=17
1313,nbedrooms=3,nrooms=5,dist_city=12
1314,nbedrooms=3,windows=18,doors=10
1315,nbath=2,dist_city=13,sm=31
1316,sm=34,gargae_sm=5,floors=3
1317,doors=1,nbath=2
1318,windows=6,garden_sm=9,nrooms=1,gargae_sm=3
1319,garden_sm=1,price=8,gargae_sm=10
1320,year=3
1321,dist_city=19
1322,doors=6,windows=11,sm=3,floors=2
1323,floors=1
1324,sm=38,dist_city=9,year=17,windows=8
1325,dist_city=13,nbedrooms=2,floors=3
1326,nbedrooms=1
1327,nbath=3,nbedrooms=2
1328,windows=18,doors=1,gargae_sm=7,nrooms=1
1329,sm=7,gargae_sm=10
1330,dist_city=12
1331,garden_sm=5,nbedrooms=3,windows=8
1332,gargae_sm=2,nbath=3
1333,sm=26,dist_city=19,garden_sm=4,gargae_sm=1
1334,floors=1,sm=18
1335,gargae_sm=7,nrooms=1,year=8
1336,year=8
1337,sm=13,year=19
1338,year=17
1339,garden_sm=2,year=15,doors=4
1340,nrooms=2,price=17,gargae_sm=3
1341,sm=23
1342,nrooms=1,nbedrooms=3
1343,windows=15
1344,dist_city=7,price=35,gargae_sm=3,floors=3
1345,gargae_sm=6,floors=1,garden_sm=1,dist_city=5
1346,gargae_sm=6,nbedrooms=2
1347,gargae_sm=4,floors=2,year=7,windows=11
1348,dist_city=4
1349,doors=9,nrooms=2
1350,windows=15,dist_city=19,gargae_sm=4
1351,dist_city=3,nbath=2,doors=9,windows=10
1352,garden_sm=9,nbath=1
1353,doors=8,price=10
1354,dist_city=18,nrooms=1,doors=6,nbedrooms=3
1355,price=24,nbedrooms=2,garden_sm=10
1356,price=30,dist_city=1,nrooms=4,garden_sm=2
1357,garden_sm=5,floors=1,price=19
1358,nbath=3,nrooms=3,nbedrooms=3
1359,nrooms=1,dist_city=13,doors=7
1360,doors=10,floors=2,nbedrooms=2,price=41
1361,year=26
1362,nrooms=1,doors=4
1363,price=27
1364,year=5,nrooms=4,floors=1,nbedrooms=1
1365,nbath=3,sm=3
1366,sm=24,gargae_sm=3,dist_city=9,price=47
1367,nbedrooms=2,garden_sm=10,dist_city=11
1368,doors=5
1369,garden_sm=2,windows=18
1370,year=2,gargae_sm=4
1371,nrooms=3
1372,nbedrooms=3
1373,nrooms=4,year=15,nbedrooms=2
1374,sm=31,nbedrooms=2,floors=3
1375,windows=2,doors=2
1376,garden_sm=2,nbath=1,nrooms=5,doors=7
1377,year=29
1378,sm=8,nbath=2,dist_city=10,nrooms=1
1379,year=11
1380,nbedrooms=2,nrooms=4,year=21,nbath=2
1381,garden_sm=10,nbath=2,year=28,dist_city=19
1382,dist_city=6
1383,dist_city=12,price=7,year=24
1384,gargae_sm=7,doors=3,nbath=2,year=19
1385,sm=26,nrooms=2
1386,floors=3,year=28
1387,floors=1,gargae_sm=7,year=5
1388,year=16,windows=20,floors=3
1389,nbath=2,floors=3,year=22
1390,nbath=1,nrooms=4,dist_city=5,sm=16
1391,year=4,sm=34,nbath=1
1392,garden_sm=10,doors=5
1393,nbedrooms=1,gargae_sm=10,price=7,year=23
1394,garden_sm=4,windows=19
1395,nbedrooms=2,garden_sm=9,doors=4
1396,price=25,year=27
1397,nrooms=5,garden_sm=9
1398,year=14
1399,sm=15
1400,garden_sm=10
1401,nrooms=3,floors=1,price=48
1402,price=32,nbath=2,nbedrooms=3,sm=31
1403,nbedrooms=3,sm=24,floors=2,price=40
1404,doors=6,nbedrooms=2,garden_sm=4
1405,garden_sm=8,price=24,floors=3,year=4
1406,sm=2,garden_sm=8,doors=10
1407,year=20,floors=1
1408,nbath=3,nrooms=3,sm=12
1409,nrooms=3,dist_city=10,windows=4
1410,nrooms=1,windows=19
1411,nrooms=3,gargae_sm=2
1412,floors=1,garden_sm=7,sm=20,windows=20
1413,sm=39,gargae_sm=4,doors=2,price=9
1414,doors=10,sm=20
1415,gargae_sm=10
1416,price=9,nbath=3
1417,garden_sm=8
1418,sm=4,nrooms=4
1419,dist_city=1,floors=1
1420,gargae_sm=4,year=23,price=25
1421,doors=7,dist_city=18,windows=13,floors=1
1422,sm=39,floors=1
1423,nbedrooms=2,nrooms=3,price=6,windows=12
1424,nrooms=3,dist_city=19
1425,windows=12,gargae_sm=2
1426,nrooms=1,windows=1
1427,garden_sm=4,nbedrooms=1,doors=8,year=26
1428,year=26,gargae_sm=6,doors=3,windows=12
1429,doors=4,year=14,sm=28
1430,year=17,garden_sm=8
1431,floors=1,doors=7
1432,nbath=1,price=18
1433,garden_sm=4,doors=2
1434,windows=11,nrooms=1
1435,doors=9,sm=7
1436,nrooms=5,doors=7,floors=2
1437,dist_city=10,nrooms=4,year=8
1438,floors=1
1439,dist_city=2
1440,garden_sm=9,nbath=3,price=4
1441,doors=9
1442,nbedrooms=2,windows=8,gargae_sm=6,price=37
1443,floors=2
1444,garden_sm=1,nbath=1,doors=8,sm=40
1445,year=7,garden_sm=9,gargae_sm=4
1446,gargae_sm=10,dist_city=14
1447,doors=1,year=6
1448,sm=7
1449,doors=10,garden_sm=8,dist_city=14
1450,doors=8,price=8,year=7
1451,price=49
1452,nbath=3,windows=17
1453,windows=19,nrooms=2
1454,nbath=3,price=11,windows=6,garden_sm=7
1455,gargae_sm=7,nbath=1
1456,price=45,nrooms=4
1457,sm=11,price=28,doors=6
1458,nrooms=3
1459,windows=1,gargae_sm=9,nbath=1
1460,gargae_sm=10
1461,year=2,sm=11,floors=2,windows=19
1462,sm=2,windows=2
1463,floors=1
1464,garden_sm=4
1465,nbedrooms=1
1466,doors=1,price=30
1467,dist_city=13,sm=35,nrooms=3
1468,gargae_sm=6
1469,sm=36,windows=5,price=33,gargae_sm=8
1470,nrooms=3,garden_sm=4
1471,year=10,doors=5,nbedrooms=1,sm=37
1472,year=25,price=45
1473,nbath=3,sm=2,doors=4,garden_sm=4
1474,windows=3,garden_sm=5,price=18,nbath=3
1475,floors=3
1476,nbedrooms=3,doors=2,windows=10
1477,floors=2,garden_sm=7,doors=8,price=28
1478,year=4
1479,windows=5
1480,price=39,year=26
1481,sm=24
1482,sm=2
1483,garden_sm=6,price=30,windows=13
1484,price=1,gargae_sm=3,nrooms=3,doors=10
1485,doors=1,dist_city=7,nbedrooms=2
1486,gargae_sm=1,floors=3
1487,dist_city=2,windows=10,gargae_sm=7,price=39
1488,garden_sm=4,nrooms=2
1489,windows=11
1490,windows=20,sm=16,nbath=3
1491,gargae_sm=5,doors=10
1492,price=33,doors=1,garden_sm=7,year=28
1493,garden_sm=10,nbedrooms=3
1494,nbath=3,windows=14,nrooms=5,year=23
1495,nbedrooms=2,price=14,dist_city=13,nrooms=2
1496,sm=38,doors=3,gargae_sm=10
1497,gargae_sm=1,windows=7,doors=6,floors=3
1498,doors=2,nbedrooms=2,nrooms=3
1499,gargae_sm=1,price=33
1500,nbedrooms=3
1501,floors=3,sm=30,price=29,nrooms=1
1502,year=3
1503,year=11,doors=9,nbedrooms=2
1504,sm=36,floors=1,year=9,nrooms=2
1505,nbath=3,windows=1,dist_city=16
1506,floors=1,year=9,nbath=3,dist_city=14
1507,year=26,garden_sm=8,nrooms=3,nbath=1
1508,nbedrooms=3,floors=3,dist_city=8
1509,gargae_sm=2
1510,gargae_sm=2,nrooms=4,price=49,windows=4
1511,price=44,dist_city=16
1512,doors=2
1513,floors=1,nbath=3,year=25,nrooms=2
1514,sm=39,floors=1
1515,nrooms=4,sm=9
1516,doors=2,garden_sm=9
1517,windows=16,garden_sm=4
1518,year=16,dist_city=1
1519,dist_city=2,nbedrooms=2,nbath=3,price=41
1520,doors=9,price=1,windows=6
1521,price=14,year=6
1522,price=14,doors=7,floors=1
1523,price=7,floors=1
1524,garden_sm=4,nbedrooms=1
1525,nbedrooms=2,doors=7
1526,nbedrooms=2
1527,windows=4,nrooms=3,dist_city=11,doors=10
1528,price=43,windows=8,nrooms=1,nbedrooms=3
1529,doors=7,sm=20,floors=2
1530,nbedrooms=3,nbath=1,year=19
1531,nbath=2
1532,year=7,dist_city=4,garden_sm=4
1533,floors=2,doors=6
1534,price=7,doors=5,sm=26
1535,windows=17,floors=2,nbedrooms=2,nrooms=5
1536,dist_city=9,floors=2,nbath=2,price=35
1537,nbath=3,windows=3,doors=6,sm=32
1538,nrooms=5,sm=5,price=20,doors=10
1539,garden_sm=7,nrooms=4,floors=3
1540,garden_sm=4,year=16,gargae_sm=5,doors=8
1541,nbedrooms=3,dist_city=2
1542,windows=2
1543,doors=5,nbedrooms=1,year=17,floors=3
1544,gargae_sm=4,garden_sm=4,year=24
1545,floors=1,nrooms=4,garden_sm=10,nbath=2
1546,sm=36,floors=1
1547,nbedrooms=2,gargae_sm=1,sm=22,nrooms=1
1548,nrooms=3
1549,doors=1,nbedrooms=2,nrooms=2,windows=14
1550,doors=3
1551,dist_city=1,garden_sm=2
1552,nbath=3
1553,doors=1,nbedrooms=1
1554,windows=5
1555,windows=11,sm=6,floors=1,nbath=2
1556,sm=1,floors=3
1557,nbath=3,nbedrooms=1,dist_city=17,garden_sm=7
1558,garden_sm=7,floors=2
1559,floors=1
1560,nbath=1,doors=5,gargae_sm=9,nrooms=2
1561,garden_sm=9
1562,year=17
1563,price=18,garden_sm=6
1564,doors=6,nbedrooms=2,floors=2,gargae_sm=4
1565,windows=10
1566,year=10,nrooms=1,windows=17,gargae_sm=4
1567,gargae_sm=1,dist_city=6,floors=3
1568,price=8,garden_sm=1,doors=9,windows=5
1569,price=1
1570,nbath=2
1571,price=6
1572,windows=3,sm=37,nbath=1,gargae_sm=1
1573,price=8,windows=3
1574,sm=9,floors=1,nbedrooms=1,nrooms=1
1575,sm=14,floors=3,price=35
1576,nbath=1,floors=1,nbedrooms=1,garden_sm=10
1577,nrooms=4,nbath=3
1578,windows=1,nrooms=5,doors=8,dist_city=14
1579,garden_sm=5,floors=1,nbedrooms=3,nrooms=4
1580,sm=33,garden_sm=8,gargae_sm=2,dist_city=15
1581,doors=7,garden_sm=3,dist_city=14
1582,floors=3
1583,nbedrooms=3
1584,floors=2,windows=9,garden_sm=2,dist_city=9
1585,garden_sm=7,nbedrooms=2,nbath=1
1586,gargae_sm=7,price=12,garden_sm=2,doors=7
1587,price=1
1588,garden_sm=9,dist_city=6
1589,nrooms=4,year=2
1590,windows=5
1591,nrooms=2,year=7,nbath=3,gargae_sm=5
1592,garden_sm=7,floors=1,year=8,nrooms=4
1593,price=6,dist_city=4
1594,garden_sm=10
1595,floors=1,year=2,nbath=1
1596,year=10,doors=3,nbath=1
1597,sm=28,gargae_sm=6,garden_sm=2,doors=10
1598,nbath=1,doors=3
1599,nbath=2,gargae_sm=6,doors=1
1600,doors=2,gargae_sm=8,price=30,windows=12
1601,dist_city=13
1602,year=19
1603,nbath=2,price=11,garden_sm=9
1604,year=10,gargae_sm=9
1605,sm=1,garden_sm=9,floors=3,windows=15
1606,year=22
1607,gargae_sm=4,sm=30
1608,price=33,windows=18
1609,gargae_sm=10,dist_city=20,price=11,nbath=1
1610,garden_sm=6,year=4,dist_city=16,nrooms=2
1611,doors=2,year=8,nbedrooms=3,garden_sm=6
1612,dist_city=9,nbath=1
1613,sm=25
1614,nbath=3
1615,gargae_sm=10,dist_city=8,price=49,year=16
1616,windows=18
1617,doors=10
1618,nbedrooms=3,floors=2,dist_city=16
1619,doors=9,dist_city=1
1620,doors=2,gargae_sm=3,windows=9,floors=2
1621,price=19,windows=18,nbedrooms=1,floors=3
1622,gargae_sm=5,nrooms=4
1623,sm=12
1624,nbedrooms=2,dist_city=8,doors=9
1625,sm=21,floors=1,doors=7,price=41
1626,gargae_sm=2,price=49,nbath=1
1627,dist_city=15,doors=4,year=13
1628,nbedrooms=2
1629,doors=8,nbedrooms=2
1630,year=4,floors=3,price=39,nbath=3
1631,garden_sm=6
1632,year=30
1633,nrooms=4,floors=3
1634,doors=3,garden_sm=9,windows=19
1635,nbedrooms=3,dist_city=3,nbath=3
1636,garden_sm=1,sm=28,price=16
1637,gargae_sm=2,floors=2,sm=31,garden_sm=10
1638,price=24,windows=18,floors=3,gargae_sm=3
1639,price=21,doors=2
1640,sm=32,price=40,dist_city=7
1641,garden_sm=8,doors=1,gargae_sm=8
1642,doors=3,gargae_sm=2,nbedrooms=3,nrooms=5
1643,sm=4,gargae_sm=3,year=19
1644,garden_sm=10,doors=10
1645,price=9,year=19,nbedrooms=2,nbath=2
1646,year=3,floors=1,dist_city=16
1647,nbath=1,sm=25
1648,price=20,windows=20,floors=2
1649,garden_sm=7,floors=1,nbath=1,nbedrooms=1
1650,nbedrooms=2,garden_sm=2
1651,floors=1,dist_city=17,year=15,price=21
1652,price=28,doors=10,dist_city=16,windows=20
1653,nbedrooms=1
1654,sm=1
1655,sm=23,dist_city=12,doors=4,floors=3
1656,year=17,floors=2,dist_city=6,nbedrooms=1
1657,sm=21,windows=17
1658,sm=38,nbedrooms=1
1659,floors=3,gargae_sm=3,price=26
1660,garden_sm=6
1661,nbath=3,price=19,windows=16,floors=1
1662,sm=7,price=49,nbath=1,doors=2
1663,dist_city=14,windows=2,sm=24
1664,nbath=1
1665,year=25,nbedrooms=3,floors=1,windows=13
1666,garden_sm=5,sm=22
1667,nbath=1
1668,nbath=2,gargae_sm=8,doors=2
1669,garden_sm=8,dist_city=5,floors=1,year=25
1670,garden_sm=10,windows=6,nbath=1
1671,dist_city=17,windows=3
1672,dist_city=19
1673,nbedrooms=2,doors=10
1674,nbedrooms=2,doors=8,floors=2
1675,gargae_sm=1,windows=16
1676,price=30,windows=9,dist_city=12
1677,nrooms=4,garden_sm=4
1678,windows=4,doors=4
1679,nrooms=1
1680,garden_sm=3,nbedrooms=3
1681,floors=2,price=17
1682,doors=2,floors=2
1683,nrooms=3,dist_city=19
1684,price=23,year=28,garden_sm=7,doors=5
1685,nrooms=5,doors=5,floors=1,windows=19
1686,doors=10,garden_sm=4,price=1
1687,dist_city=15,garden_sm=9,nrooms=3,doors=10
1688,year=10,nrooms=3,windows=10
1689,nrooms=1,nbedrooms=3,year=5,nbath=3
1690,sm=24
1691,dist_city=3,nbedrooms=3,year=21
1692,price=9,year=17,sm=31,floors=2
1693,floors=2,gargae_sm=7,price=40
1694,garden_sm=5
1695,dist_city=10,windows=11,year=30,doors=2
1696,nbath=2
1697,dist_city=18,year=30,sm=37
1698,nbedrooms=2,dist_city=7,doors=7,price=31
1699,price=18
1700,nbath=2,price=7
1701,dist_city=4,windows=4,garden_sm=1,floors=2
1702,garden_sm=2,price=41
1703,nrooms=1,nbath=2,windows=6
1704,nbath=3,nrooms=5
1705,nrooms=1,gargae_sm=2,doors=2,garden_sm=6
1706,windows=10,sm=35,price=2
1707,windows=17,year=10
1708,nbath=3,garden_sm=9
1709,nbath=2
1710,nrooms=1,garden_sm=3
1711,year=11,nbath=1,price=16,floors=2
1712,year=16,price=28,gargae_sm=8
1713,garden_sm=9
1714,dist_city=6,gargae_sm=3,windows=15,nrooms=4
1715,nbath=2,windows=7
1716,floors=3
1717,floors=3,nbedrooms=2
1718,nbath=3,garden_sm=1,floors=1
1719,floors=3,doors=7
1720,price=43
1721,windows=5,nbath=1
1722,floors=3,garden_sm=10,nbath=2,price=44
1723,nrooms=3,doors=1,garden_sm=4,nbath=3
1724,gargae_sm=8,price=35,garden_sm=7,nbath=3
1725,sm=33,floors=2,nbath=3
1726,sm=38,floors=2
1727,sm=1,year=13,windows=16
1728,windows=3,doors=5
1729,price=20,floors=3,nbath=2
1730,year=10
1731,garden_sm=7
1732,nbedrooms=3,price=7
1733,floors=2,garden_sm=7
1734,nrooms=3
1735,garden_sm=10,price=19,windows=14,doors=10
1736,year=21,nbath=2,dist_city=6
1737,dist_city=2,windows=4,sm=33,garden_sm=4
1738,nrooms=1,year=20,floors=1,dist_city=8
1739,nbath=3
1740,nrooms=4,gargae_sm=5
1741,nrooms=3
1742,nrooms=3,price=40,nbath=1
1743,nbath=3,windows=15
1744,gargae_sm=9,sm=34,garden_sm=5
1745,doors=4,nbath=3,nbedrooms=2
1746,sm=13,gargae_sm=4,garden_sm=3,nbath=1
1747,nbath=1
1748,price=17,nrooms=4
1749,sm=14,floors=3
1750,nrooms=1,doors=7,garden_sm=6
1751,nbath=1
1752,price=46,nbath=1,year=11,doors=5
1753,dist_city=1,price=26,garden_sm=3
1754,windows=10,dist_city=7,floors=3,nbedrooms=1
1755,price=33,garden_sm=7
1756,gargae_sm=10,year=29,nrooms=5
1757,nrooms=3,gargae_sm=6,floors=3,nbedrooms=2
1758,sm=18
1759,gargae_sm=2,nrooms=4,nbedrooms=2
1760,windows=8,gargae_sm=4
1761,gargae_sm=2,nbedrooms=3
1762,gargae_sm=2
1763,nbedrooms=3,year=3
1764,floors=2,nbath=3
1765,nrooms=4,gargae_sm=8
1766,nbedrooms=1,year=13
1767,doors=3,nrooms=2,gargae_sm=9
1768,sm=37,floors=1
1769,gargae_sm=3,floors=3,price=40
1770,garden_sm=4,nrooms=3
1771,nbedrooms=1,windows=17,floors=3
1772,gargae_sm=7,doors=9
1773,doors=1,garden_sm=1
1774,floors=2,windows=6,nbedrooms=3
1775,gargae_sm=4,year=18,floors=3
1776,sm=32,year=22,floors=1
1777,floors=1
1778,gargae_sm=2
1779,doors=6,windows=13
1780,sm=20
1781,nbedrooms=3,dist_city=17,nrooms=1
1782,doors=8
1783,sm=8,nrooms=2,gargae_sm=5
1784,floors=1
1785,dist_city=8,garden_sm=4,sm=19
1786,nbath=2,dist_city=14,gargae_sm=4,nrooms=2
1787,sm=14,garden_sm=10,gargae_sm=1,windows=8
1788,gargae_sm=4,doors=8,price=39
1789,dist_city=3,doors=9
1790,windows=12,dist_city=6,nbath=1,nrooms=4
1791,sm=13,floors=1
1792,windows=9,garden_sm=10
1793,gargae_sm=2,garden_sm=8,floors=1
1794,sm=17,year=10
1795,nbedrooms=1,doors=5
1796,windows=17,dist_city=12,gargae_sm=8
1797,sm=21,price=9,nbath=3
1798,gargae_sm=7,sm=31,nrooms=1
1799,nbedrooms=1,price=43,gargae_sm=2,windows=13
1800,nrooms=3,garden_sm=7
1801,doors=2,nbath=1,sm=8
1802,floors=2,gargae_sm=5,doors=2,nbath=1
1803,price=20
1804,gargae_sm=4,doors=5,nbath=1
1805,nbedrooms=1
1806,year=19
1807,year=17,doors=10,nrooms=4
1808,dist_city=16,year=11,floors=1
1809,doors=3,sm=7,garden_sm=9,nbedrooms=2
1810,sm=23,floors=2
1811,nbedrooms=3,windows=20,price=19,floors=1
1812,doors=5,gargae_sm=4
1813,windows=13,floors=1
1814,sm=40,garden_sm=10,year=24,doors=7
1815,garden_sm=6,floors=2,sm=9
1816,sm=1,dist_city=9,doors=3
1817,sm=20,gargae_sm=9
1818,garden_sm=10,windows=5,gargae_sm=10
1819,windows=17,year=1
1820,doors=10,year=4,floors=3,gargae_sm=9
1821,nrooms=5,floors=2,nbedrooms=1,windows=17
1822,garden_sm=10,nbedrooms=2,doors=1,sm=13
1823,windows=2,price=2,gargae_sm=2
1824,nrooms=4,windows=19,year=9
1825,nbedrooms=3,nrooms=2,nbath=1
1826,price=40
1827,sm=36,nbedrooms=1,garden_sm=9,price=29
1828,doors=1,year=8
1829,price=19
1830,windows=6,year=29,floors=3,garden_sm=9
1831,price=6
1832,price=34,nrooms=1,nbath=2
1833,garden_sm=3
1834,doors=3
1835,nbath=1,floors=1,windows=6,dist_city=9
1836,gargae_sm=1
1837,price=15
1838,floors=3,nbedrooms=3
1839,nrooms=1,windows=14
1840,year=18,dist_city=4,windows=19
1841,year=30,garden_sm=10
1842,floors=1,sm=18
1843,nrooms=1,dist_city=20,nbedrooms=1,doors=3
1844,floors=3
1845,nbedrooms=3,floors=3
1846,floors=1
1847,nrooms=5,year=29,nbath=1,doors=7
1848,garden_sm=6,sm=18
1849,doors=9,nrooms=4,dist_city=5,windows=7
1850,sm=35,floors=3,nbath=2
1851,gargae_sm=9
1852,windows=16,doors=4
1853,garden_sm=10,windows=1
1854,dist_city=7,sm=38,nrooms=4,doors=8
1855,gargae_sm=10,garden_sm=3
1856,sm=2,nbath=1,garden_sm=2,year=17
1857,dist_city=12,nbedrooms=3
1858,sm=23,gargae_sm=9,dist_city=18
1859,floors=1
1860,windows=18,nrooms=3,sm=25,doors=10
1861,nbath=3,doors=10,nrooms=2
1862,floors=3,price=32,doors=2
1863,floors=1,nrooms=4,price=20
1864,gargae_sm=9,price=35,windows=14,doors=1
1865,price=49,gargae_sm=7,nrooms=5,windows=17
1866,doors=6,price=23
1867,floors=3,garden_sm=5
1868,sm=4
1869,doors=7,floors=1,dist_city=3
1870,price=22
1871,year=9
1872,doors=8,gargae_sm=3,garden_sm=1,price=20
1873,doors=7,sm=6,garden_sm=9
1874,nbedrooms=2
1875,dist_city=6,gargae_sm=5
1876,price=12,sm=9
1877,nrooms=5
1878,garden_sm=7,nrooms=4,sm=18
1879,windows=19,dist_city=18,nbath=3,nbedrooms=2
1880,doors=9
1881,garden_sm=9,nbedrooms=1
1882,garden_sm=8,gargae_sm=3
1883,floors=2,price=41,gargae_sm=10,doors=9
1884,gargae_sm=2,nbath=3,year=29,garden_sm=2
1885,garden_sm=7,windows=18
1886,price=21,gargae_sm=2,sm=13,nbath=2
1887,nbedrooms=1,dist_city=15,doors=9,price=46
1888,windows=6,nbedrooms=3,nrooms=5
1889,nbedrooms=1,price=46
1890,nbedrooms=2
1891,nbedrooms=3,sm=30,year=21,nrooms=2
1892,garden_sm=3,floors=1
1893,garden_sm=4,nrooms=3,nbath=1,floors=3
1894,nbath=3,price=45
1895,nbath=3
1896,doors=3,nbath=3
1897,dist_city=4,sm=34
1898,doors=5,nbath=2,gargae_sm=8
1899,garden_sm=9,price=19,floors=2,gargae_sm=8
1900,windows=17
1901,sm=31,nbath=2,garden_sm=9
1902,garden_sm=8,dist_city=13
1903,nbath=2
1904,garden_sm=3,nbath=1
1905,floors=2,doors=4,gargae_sm=5,price=12
1906,year=29,gargae_sm=2,nrooms=5
1907,year=10,nrooms=4,price=38,dist_city=3
1908,nbath=1,nrooms=3,floors=3,windows=3
1909,sm=12,nbedrooms=2,dist_city=8,doors=9
1910,year=30,windows=3
1911,windows=10
1912,price=30
1913,nrooms=4,nbedrooms=1,windows=17
1914,dist_city=7,doors=7
1915,year=6,nbedrooms=2
1916,dist_city=13
1917,sm=24,nbedrooms=2,nbath=2
1918,windows=19,price=31
1919,price=25
1920,price=3,floors=1,garden_sm=7,windows=5
1921,nbath=1,windows=5,price=32
1922,garden_sm=7,gargae_sm=5,sm=20
1923,gargae_sm=9,year=25,floors=1
1924,nbath=1
1925,sm=14,price=7
1926,nrooms=5,nbedrooms=1,year=11
1927,doors=8,price=6,nrooms=5,sm=4
1928,floors=1,nbath=3,garden_sm=6
1929,year=30,doors=10,price=6,windows=6
1930,windows=16,sm=17,price=23
1931,nbath=3,nbedrooms=1
1932,floors=2,price=36,garden_sm=9
1933,floors=3,doors=4
1934,garden_sm=7,nbedrooms=1,year=1,nrooms=1
1935,nrooms=4,gargae_sm=5,garden_sm=9
1936,garden_sm=2,nbedrooms=3
1937,dist_city=20
1938,windows=14,nrooms=3,garden_sm=2,doors=4
1939,year=2
1940,doors=3,garden_sm=4,sm=36,nbedrooms=2
1941,garden_sm=4,nbedrooms=2,nrooms=1,floors=3
1942,sm=8,nbedrooms=1
1943,sm=6,doors=7
1944,garden_sm=6,windows=12
1945,nbedrooms=3,year=6
1946,price=1,nbath=1,gargae_sm=5
1947,nbedrooms=3
1948,doors=3,gargae_sm=10
1949,nrooms=3,year=18,gargae_sm=5,nbath=3
1950,garden_sm=4
1951,windows=9,nrooms=2,nbath=2,year=24
1952,nbath=1,dist_city=20,garden_sm=7,nbedrooms=1
1953,year=28,garden_sm=9
1954,price=11,doors=1,gargae_sm=8
1955,garden_sm=3,dist_city=19
1956,dist_city=13,nbedrooms=1
1957,nbath=2,price=13,nbedrooms=2
1958,windows=18,sm=14,nbath=3,nrooms=3
1959,year=29,nbedrooms=2,price=46
1960,year=5,floors=3
1961,doors=9,dist_city=4,floors=3
1962,year=28,windows=11
1963,doors=3,nrooms=2,dist_city=13
1964,sm=25
1965,nrooms=5,nbedrooms=3,dist_city=5
1966,doors=7,nbedrooms=3
1967,year=2
1968,floors=2,windows=10
1969,nrooms=5
1970,nbath=1
1971,doors=7,nbedrooms=1
1972,floors=3,year=20,gargae_sm=9
1973,nrooms=1,dist_city=3
1974,gargae_sm=10,doors=2,windows=3,price=50
1975,sm=2,price=22
1976,dist_city=4
1977,gargae_sm=10,doors=4
1978,nbath=1,year=15
1979,doors=7,garden_sm=4,year=5,floors=2
1980,nbath=3,garden_sm=3,price=26,year=24
1981,price=27,doors=6,dist_city=6,windows=20
1982,garden_sm=10,dist_city=8
1983,nbedrooms=3,dist_city=13
1984,windows=17
1985,price=12
1986,garden_sm=4,price=18,nbedrooms=2
1987,dist_city=13
1988,floors=3,nbedrooms=1,windows=4,price=11
1989,dist_city=2,nrooms=2,year=2
1990,year=11,gargae_sm=5,floors=3,price=46
1991,windows=16,doors=6,nrooms=4,nbath=3
1992,nbedrooms=3,nbath=3
1993,price=29,nbedrooms=3
1994,garden_sm=10,nbath=2,nrooms=5,nbedrooms=2
1995,year=23,dist_city=15
1996,nbedrooms=3,gargae_sm=4,floors=2,doors=1
1997,nbath=2
1998,year=15
1999,doors=2,nbedrooms=2,gargae_sm=9,nrooms=3
