0,medical=doctor,flavor=meaty,region=Piedmont,last_name=Hampton,aliment=cooked,first_name=Andrea
1,color=white,"currency=('USD', 'United States dollar')",flavor=nutty,animal=Australian Mist,region=Sicilia,dob=1986-09-01,country=Slovenia,last_name=Nash
2,"company=Hoffman, Andersen and Chen"
3,medical=doctor,city=Crotone,company=Walker and Sons,color=yellow
4,flavor=fruity,medical=nurse,region=Veneto,country=Belize,city=Verona,user_agent=Opera/8.71.(X11; Linux x86_64; ks-IN) Presto/2.9.183 Version/12.00,last_name=Ramirez,dob=1930-04-20,"currency=('MUR', 'Mauritian rupee')",color=blue,animal=Bolognese Dog
5,aliment=passion fruit,medical=clerk,color=black,city=Treviso,country=United States of America,animal=Greenland Dog,region=Tuscany,"currency=('MUR', 'Mauritian rupee')",dob=1967-01-29
6,"currency=('PEN', 'Peruvian sol')",occupation=Pensions consultant,company=Flores Group,dob=1999-05-25,country=Malawi,first_name=James,aliment=sugar
7,"currency=('GHS', 'Ghanaian cedi')",flavor=medicinal,city=Bergamo,region=Basilicata,last_name=Ruiz,aliment=pastry,dob=2020-02-25,animal=American Staffordshire Terrier,country=Congo,occupation=Personal assistant,color=red,"user_agent=Mozilla/5.0 (Macintosh; U; Intel Mac OS X 10_7_9 rv:4.0; om-ET) AppleWebKit/531.48.3 (KHTML, like Gecko) Version/4.0.1 Safari/531.48.3",medical=dr.,first_name=Hannah
8,occupation=Clinical biochemist,flavor=fatty,last_name=Johnson,first_name=Mary,animal=Bernese Mountain Dog,region=Tuscany,city=Andria,user_agent=Opera/9.27.(X11; Linux x86_64; xh-ZA) Presto/2.9.172 Version/10.00,aliment=sickening,"company=Graham, Gilbert and Garner"
9,first_name=Stacy,animal=Angelfish
10,"company=Dominguez, Adams and Hicks",last_name=Evans,country=United Kingdom,flavor=floral,dob=1913-09-25,region=Veneto,city=Rome,animal=Drever,aliment=popcorn,color=white,first_name=Brittany
11,city=Alessandria,flavor=herbaceous,first_name=Matthew,animal=Black Rhinoceros,country=Iran,company=Johnson-Johnson,last_name=Dillon,"currency=('AED', 'United Arab Emirates dirham')",region=Lombardy,dob=1973-07-31,medical=surgeon,color=red,aliment=moscato,user_agent=Mozilla/5.0 (compatible; MSIE 6.0; Windows NT 6.0; Trident/5.0),occupation=Multimedia specialist
12,"occupation=Teacher, early years/pre",first_name=Joshua,animal=Anteater
13,flavor=green,animal=Indian Star Tortoise,aliment=humus,first_name=Renee,last_name=Pratt,dob=1938-01-07,medical=doctor,city=Livorno,"currency=('TJS', 'Tajikistani somoni')",occupation=Computer games developer,user_agent=Mozilla/5.0 (compatible; MSIE 6.0; Windows NT 5.0; Trident/3.1),country=Costa Rica,region=Trentino-Alto Adige,color=green
14,color=black,first_name=Blake,animal=Cassowary,city=Padova,"currency=('CDF', 'Congolese franc')",country=Burundi
15,first_name=Michael,flavor=fruity,last_name=Coleman,animal=Havanese,country=Djibouti,medical=doctor,region=Veneto,city=Ravenna,dob=2001-05-20,color=blue,user_agent=Mozilla/5.0 (compatible; MSIE 5.0; Windows NT 6.2; Trident/3.0),company=Goodwin-Martinez,occupation=IT trainer
16,region=Tuscany,occupation=Arts development officer
17,city=Casoria
18,medical=doctor,flavor=nutty,aliment=durian,"currency=('NGN', 'Nigerian naira')",last_name=Turner,"user_agent=Mozilla/5.0 (Windows NT 4.0) AppleWebKit/531.2 (KHTML, like Gecko) Chrome/46.0.832.0 Safari/531.2",animal=Mink,city=Ragusa,country=Liberia,occupation=Community education officer
19,company=Salazar-Fleming,flavor=balsamic,country=Liechtenstein,dob=1908-12-09,medical=surgeon
20,last_name=Garrison,"currency=('UAH', 'Ukrainian hryvnia')",city=Bergamo,color=blue,aliment=tomato leaf,animal=Basset Hound,region=Emilia-Romagna,dob=1980-12-18,first_name=Scott,country=Congo,flavor=earthy,"company=Barr, Stevens and Morrow",medical=dr.,user_agent=Mozilla/5.0 (Macintosh; U; PPC Mac OS X 10_6_8; rv:1.9.4.20) Gecko/8122-05-05 04:27:53 Firefox/3.8
21,"currency=('QAR', 'Qatari riyal')",color=green,country=French Guiana,company=Thompson-Parsons
22,city=Crotone,flavor=floral,occupation=Legal executive,dob=1984-08-13,region=Piedmont,country=Ethiopia,user_agent=Mozilla/5.0 (compatible; MSIE 9.0; Windows 98; Win 9x 4.90; Trident/3.0),color=red,last_name=Martin,aliment=clove,animal=American Cocker Spaniel,"currency=('XDR', 'Special drawing rights')",company=Williamson-Martin,medical=nurse
23,occupation=Garment/textile technologist,first_name=Michael,"company=Morrison, Jackson and Moran"
24,dob=1936-12-14,occupation=Printmaker,"currency=('HNL', 'Honduran lempira')"
25,first_name=Michael
26,"currency=('XPF', 'CFP franc')",animal=Bedlington Terrier,"user_agent=Mozilla/5.0 (iPad; CPU iPad OS 4_2_1 like Mac OS X) AppleWebKit/532.1 (KHTML, like Gecko) CriOS/30.0.849.0 Mobile/72C371 Safari/532.1",color=white,region=Campania
27,occupation=Television/film/video producer,"company=Fernandez, Meyer and Price",city=Gela,"currency=('INR', 'Indian rupee')",color=yellow,first_name=Robert,country=Slovakia (Slovak Republic),flavor=tobacco,"user_agent=Mozilla/5.0 (iPad; CPU iPad OS 14_2_1 like Mac OS X) AppleWebKit/533.2 (KHTML, like Gecko) CriOS/37.0.870.0 Mobile/56W387 Safari/533.2",medical=nurse,last_name=Berry,region=Liguria,aliment=date,animal=Birds Of Paradise,dob=1984-06-02
28,color=black,"occupation=Engineer, energy","company=Wells, Lin and Gray",medical=dr.
29,"company=Owens, Vazquez and Franco","currency=('PGK', 'Papua New Guinean kina')",dob=2016-01-16,medical=surgeon,flavor=fishy,first_name=Sarah,animal=Hagfish,last_name=Morales,"user_agent=Mozilla/5.0 (Macintosh; Intel Mac OS X 10_6_6 rv:3.0; ru-UA) AppleWebKit/531.17.1 (KHTML, like Gecko) Version/5.0.1 Safari/531.17.1",color=green,occupation=Private music teacher,region=Sicilia,aliment=phenol
30,"user_agent=Mozilla/5.0 (iPod; U; CPU iPhone OS 4_1 like Mac OS X; wal-ET) AppleWebKit/532.20.1 (KHTML, like Gecko) Version/3.0.5 Mobile/8B114 Safari/6532.20.1",city=Cosenza,occupation=Lexicographer,dob=1936-07-20,first_name=Isabella,last_name=Smith,region=Puglia,aliment=egg
31,company=Ortiz-Hill,last_name=Peters,color=pink,animal=Keel-Billed Toucan,medical=nurse,dob=2010-08-03,flavor=nutty,"currency=('CHF', 'Swiss franc')",city=Pavia,occupation=Barrister's clerk,region=Emilia-Romagna,"user_agent=Mozilla/5.0 (Windows; U; Windows NT 4.0) AppleWebKit/535.40.6 (KHTML, like Gecko) Version/5.1 Safari/535.40.6"
32,first_name=Todd,region=Emilia-Romagna,last_name=Rivera,occupation=Materials engineer
33,city=Monza,flavor=fruity,medical=clerk,"user_agent=Mozilla/5.0 (Macintosh; U; PPC Mac OS X 10_6_0 rv:5.0; crh-UA) AppleWebKit/531.8.3 (KHTML, like Gecko) Version/4.1 Safari/531.8.3",first_name=John,occupation=Actuary,region=Sicilia,dob=1984-08-21,"currency=('UAH', 'Ukrainian hryvnia')",animal=Crane,color=green,last_name=Foster,"company=Williams, Maynard and Hobbs"
34,aliment=neroli,first_name=Jason,last_name=Serrano,dob=1920-10-29,country=Croatia,occupation=Farm manager,medical=clerk,city=Giugliano in Campania,flavor=balsamic,"company=Stephens, Jones and Johnson",region=Veneto,"currency=('CVE', 'Cape Verdean escudo')",color=orange,user_agent=Mozilla/5.0 (Macintosh; Intel Mac OS X 10_6_4; rv:1.9.6.20) Gecko/8491-07-20 08:04:59 Firefox/3.8,animal=Beaver
35,dob=1939-11-11,"currency=('MAD', 'Moroccan dirham')",aliment=oil,medical=dr.,region=Tuscany,color=yellow,animal=Grey Reef Shark,city=Como,first_name=Barbara
36,color=orange,"company=Bailey, Wilson and Green",city=Arezzo,"currency=('ALL', 'Albanian lek')",aliment=dirt,dob=1930-01-25,last_name=Watson,flavor=fruity,country=British Indian Ocean Territory (Chagos Archipelago),region=Veneto,occupation=Games developer,animal=Chimpanzee,"user_agent=Mozilla/5.0 (iPhone; CPU iPhone OS 6_1_6 like Mac OS X) AppleWebKit/533.0 (KHTML, like Gecko) FxiOS/18.7l4332.0 Mobile/22B124 Safari/533.0",medical=surgeon,first_name=Evelyn
37,last_name=Evans,animal=Blobfish,"currency=('BGN', 'Bulgarian lev')",color=pink,region=Sardegna
38,color=red,city=Pesaro,company=Madden and Sons,last_name=Kelley,flavor=meaty,animal=Fish,medical=doctor,"currency=('TND', 'Tunisian dinar')",occupation=Architect
39,city=Cinisello Balsamo,aliment=moldy,flavor=herbaceous,animal=African Tree Toad,first_name=Eric,company=Baker Group,region=Lazio,"occupation=Psychotherapist, dance movement","currency=('BND', 'Brunei dollar')",color=blue,user_agent=Opera/9.57.(X11; Linux x86_64; mn-MN) Presto/2.9.180 Version/11.00,medical=surgeon,last_name=Zimmerman
40,dob=1908-04-22,"currency=('AWG', 'Aruban florin')"
41,aliment=ham,color=yellow,last_name=Valentine,"user_agent=Mozilla/5.0 (Windows NT 5.01) AppleWebKit/536.1 (KHTML, like Gecko) Chrome/26.0.853.0 Safari/536.1",dob=1971-11-20,flavor=fruity,city=Florence,company=Oliver-Yates
42,"currency=('MAD', 'Moroccan dirham')","user_agent=Mozilla/5.0 (iPod; U; CPU iPhone OS 3_1 like Mac OS X; vi-VN) AppleWebKit/535.19.3 (KHTML, like Gecko) Version/4.0.5 Mobile/8B111 Safari/6535.19.3"
43,aliment=hop_oil,animal=Airedale Terrier,first_name=Michael,last_name=Turner,medical=clerk,user_agent=Mozilla/5.0 (Windows NT 5.2; th-TH; rv:1.9.2.20) Gecko/7694-08-23 09:43:00 Firefox/4.0,occupation=Chemical engineer,color=white,region=Calabria,country=Spain,flavor=nutty,dob=1935-06-08
44,country=Saint Pierre and Miquelon,city=Fiumicino,color=pink,company=Montoya Inc,user_agent=Mozilla/5.0 (Android 4.1.1; Mobile; rv:23.0) Gecko/23.0 Firefox/23.0,dob=1920-05-01,animal=Horned Frog,medical=nurse,last_name=Henderson,aliment=costus,"currency=('LAK', 'Lao kip')",first_name=Julie,flavor=meaty,region=Lombardy,occupation=Medical secretary
45,aliment=fir needle,region=Lombardy,animal=Boxer Dog,color=pink,last_name=Schultz,medical=dr.,"currency=('PEN', 'Peruvian sol')","occupation=Scientist, product/process development",country=Cape Verde,first_name=Crystal,flavor=balsamic,user_agent=Opera/8.10.(Windows CE; ps-AF) Presto/2.9.174 Version/12.00,dob=2013-07-26
46,country=Falkland Islands (Malvinas),region=Veneto,medical=surgeon,"user_agent=Mozilla/5.0 (Windows NT 5.01) AppleWebKit/532.0 (KHTML, like Gecko) Chrome/13.0.896.0 Safari/532.0",dob=1925-07-20,occupation=Learning mentor,aliment=cacao,"company=Hughes, Roy and Gordon",last_name=Powell,city=Caltanissetta,first_name=Melissa
47,last_name=Fisher,"currency=('MAD', 'Moroccan dirham')",city=Sassari,company=Rodriguez-Patterson,user_agent=Mozilla/5.0 (Windows NT 5.2; mhr-RU; rv:1.9.2.20) Gecko/5889-07-24 05:14:13 Firefox/3.6.19,aliment=citral,color=blue
48,flavor=fruity,user_agent=Opera/9.46.(Windows NT 6.0; doi-IN) Presto/2.9.174 Version/11.00,dob=1969-07-12,city=Terni,"currency=('RSD', 'Serbian dinar')",first_name=Kevin,medical=nurse,occupation=Rural practice surveyor,"company=Ford, Lawrence and Martinez",color=blue
49,aliment=sea,first_name=Kerry,city=Ancona,color=black,"company=Burton, Russell and Bennett",region=Tuscany,"occupation=Accountant, chartered certified",last_name=Reyes,animal=Chihuahua,"user_agent=Mozilla/5.0 (Windows; U; Windows NT 4.0) AppleWebKit/534.19.7 (KHTML, like Gecko) Version/4.0 Safari/534.19.7",dob=1907-10-11,flavor=balsamic
50,"user_agent=Mozilla/5.0 (iPod; U; CPU iPhone OS 3_0 like Mac OS X; ce-RU) AppleWebKit/535.22.3 (KHTML, like Gecko) Version/3.0.5 Mobile/8B113 Safari/6535.22.3",city=Cremona,last_name=Ray
51,country=Qatar,occupation=Heritage manager,region=Puglia,first_name=Cindy,last_name=Andrews,dob=1976-10-17,animal=Bonito Fish,aliment=pungent,"user_agent=Mozilla/5.0 (Macintosh; PPC Mac OS X 10_5_5 rv:6.0; he-IL) AppleWebKit/533.9.1 (KHTML, like Gecko) Version/5.0.1 Safari/533.9.1",company=Tucker-Gallagher,city=Trapani,medical=doctor,color=yellow,flavor=fatty
52,country=Brunei Darussalam,region=Lombardy,user_agent=Opera/9.86.(Windows NT 6.2; bs-BA) Presto/2.9.171 Version/12.00,dob=1953-11-30,"company=Thompson, Jackson and Jones",medical=clerk,aliment=dewy,first_name=Mark
53,flavor=fatty,region=Umbria,dob=1981-10-04,country=Niue,company=Obrien Ltd,city=Sesto San Giovanni,"occupation=Journalist, newspaper",first_name=Brandon,animal=Pelican,"currency=('ISK', 'Icelandic króna')",aliment=syrup,"user_agent=Mozilla/5.0 (Macintosh; U; Intel Mac OS X 10_10_9 rv:4.0; sat-IN) AppleWebKit/534.37.5 (KHTML, like Gecko) Version/4.0.4 Safari/534.37.5",medical=nurse,last_name=Maxwell,color=orange
54,color=white,country=Belarus,"currency=('PYG', 'Paraguayan guarani')",user_agent=Mozilla/5.0 (compatible; MSIE 6.0; Windows 98; Trident/4.1),animal=Hummingbird,company=Golden-Stevenson,region=Veneto,flavor=fatty,city=L’Aquila,medical=surgeon,"occupation=Geneticist, molecular",dob=1957-07-06,last_name=Wallace,aliment=roasted meat
55,region=Lombardy,first_name=William,"currency=('HUF', 'Hungarian forint')",aliment=broth,company=Martin-Strickland,dob=1993-07-20,user_agent=Mozilla/5.0 (Macintosh; PPC Mac OS X 10_7_3; rv:1.9.4.20) Gecko/3395-06-30 11:42:30 Firefox/13.0
56,last_name=Serrano,color=orange,medical=clerk
57,medical=doctor,user_agent=Mozilla/5.0 (Android 4.4.3; Mobile; rv:61.0) Gecko/61.0 Firefox/61.0
58,flavor=medicinal,last_name=Strickland,aliment=everlasting,medical=clerk,country=Dominica,dob=1968-10-29,company=Curtis-Mckee,"user_agent=Mozilla/5.0 (iPod; U; CPU iPhone OS 4_1 like Mac OS X; hr-HR) AppleWebKit/533.46.1 (KHTML, like Gecko) Version/3.0.5 Mobile/8B117 Safari/6533.46.1",occupation=Agricultural consultant,animal=Aye Aye,first_name=Miguel,region=Campania,city=Padova
59,occupation=Art gallery manager,"company=Mann, Butler and Jackson",user_agent=Mozilla/5.0 (compatible; MSIE 9.0; Windows NT 6.0; Trident/4.0),region=Lombardy,medical=surgeon,color=pink,aliment=bay oil,flavor=fatty,animal=Donkey,"currency=('ETB', 'Ethiopian birr')",city=Asti,dob=1967-07-18,country=France
60,"currency=('LYD', 'Libyan dinar')",flavor=spicy,city=Pisa,first_name=Whitney,aliment=radiant,animal=African Wild Dog,occupation=Land/geomatics surveyor,country=Cayman Islands,dob=1911-03-27,color=green,medical=nurse,user_agent=Mozilla/5.0 (compatible; MSIE 7.0; Windows NT 5.01; Trident/3.0),region=Piedmont
61,"company=Williams, Hernandez and Wolf",last_name=Greene,aliment=castoreum,"occupation=Designer, blown glass/stained glass",city=Bolzano
62,"currency=('NZD', 'New Zealand dollar')",dob=1962-05-06,color=black,aliment=old paper,city=Trapani,animal=Cockroach
63,medical=nurse,occupation=Brewing technologist,dob=1967-11-05,last_name=Miller,region=Veneto,"user_agent=Mozilla/5.0 (Windows; U; Windows 98; Win 9x 4.90) AppleWebKit/532.30.4 (KHTML, like Gecko) Version/5.1 Safari/532.30.4",flavor=floral,city=Benevento,first_name=Thomas,company=Ortiz PLC,country=American Samoa
64,animal=Malayan Tiger,country=Malawi,"occupation=Production assistant, radio",last_name=Neal,aliment=ammonia
65,"currency=('SYP', 'Syrian pound')",last_name=Johnson
66,"user_agent=Mozilla/5.0 (Macintosh; PPC Mac OS X 10_8_5) AppleWebKit/535.0 (KHTML, like Gecko) Chrome/62.0.895.0 Safari/535.0",region=Veneto,"currency=('SAR', 'Saudi riyal')",country=Congo,animal=Manatee,medical=clerk,color=blue,last_name=Jacobs,flavor=fruity,occupation=Radio producer,first_name=Mary,city=Ravenna,aliment=painty,dob=1946-10-31,company=Watkins and Sons
67,medical=nurse,country=Cook Islands,city=Trento,region=Tuscany,"currency=('XDR', 'Special drawing rights')","user_agent=Mozilla/5.0 (Macintosh; U; Intel Mac OS X 10_10_7 rv:2.0; cmn-TW) AppleWebKit/531.40.3 (KHTML, like Gecko) Version/4.0.1 Safari/531.40.3"
68,animal=Hippopotamus,region=Sardegna,city=Carrara,last_name=Smith,"currency=('JEP', 'Jersey pound')"
69,country=British Virgin Islands
70,country=Kyrgyz Republic,flavor=floral,user_agent=Mozilla/5.0 (Windows NT 5.0; rw-RW; rv:1.9.0.20) Gecko/5539-09-28 05:27:33 Firefox/3.8,medical=dr.
71,medical=doctor,"user_agent=Mozilla/5.0 (Windows; U; Windows NT 6.1) AppleWebKit/534.48.1 (KHTML, like Gecko) Version/4.0 Safari/534.48.1",first_name=Kristy,country=Saint Pierre and Miquelon,aliment=mild,color=blue,dob=2003-12-02
72,occupation=Magazine journalist,flavor=alcohol,city=Catanzaro,"currency=('MZN', 'Mozambican metical')",last_name=Arnold,animal=Angelfish,country=Swaziland,region=Puglia,color=green,company=Williamson LLC,first_name=Michael,aliment=myrrh
73,occupation=Hospital pharmacist,animal=Killer Whale
74,flavor=spicy,"company=Boyd, Williams and James"
75,aliment=camphoreous,animal=Mandrill,dob=1967-01-03,city=Bolzano,color=green,company=Willis-Davis,occupation=Politician's assistant,flavor=mossy,medical=clerk,user_agent=Opera/9.42.(X11; Linux x86_64; az-IN) Presto/2.9.182 Version/12.00,country=Germany,"currency=('AUD', 'Australian dollar')",first_name=Diane,region=Umbria
76,city=Marsala,dob=1916-04-11,"currency=('VND', 'Vietnamese đồng')",color=orange,country=British Virgin Islands,flavor=seedy,medical=clerk,"user_agent=Mozilla/5.0 (X11; Linux i686) AppleWebKit/536.1 (KHTML, like Gecko) Chrome/50.0.810.0 Safari/536.1","occupation=Accountant, chartered public finance"
77,flavor=balsamic,occupation=Farm manager,region=Veneto,city=Giugliano in Campania,medical=clerk,first_name=Jason,last_name=Serrano,country=Croatia,"currency=('CVE', 'Cape Verdean escudo')","company=Stephens, Jones and Johnson",color=orange,animal=Beaver,user_agent=Mozilla/5.0 (Macintosh; Intel Mac OS X 10_6_4; rv:1.9.6.20) Gecko/8491-07-20 08:04:59 Firefox/3.8,dob=1920-10-29
78,last_name=Hall,animal=Dugong,city=Cesena,"user_agent=Mozilla/5.0 (X11; Linux i686) AppleWebKit/531.0 (KHTML, like Gecko) Chrome/36.0.804.0 Safari/531.0",aliment=wet,region=Friuli-Venezia Giulia,color=orange,medical=surgeon,flavor=balsamic
79,company=Travis PLC,color=blue,flavor=floral
80,animal=Frog,country=Latvia,color=white,aliment=clover,company=Edwards-Morse,flavor=pepper,"currency=('USD', 'United States dollar')"
81,color=orange,medical=surgeon,"currency=('NIO', 'Nicaraguan córdoba')",flavor=fatty,first_name=Elizabeth,dob=2018-11-02,animal=Indian Rhinoceros,region=Sicilia,city=Rimini,last_name=Wells,user_agent=Mozilla/5.0 (Android 4.1.1; Mobile; rv:66.0) Gecko/66.0 Firefox/66.0,company=Smith-Williams,aliment=slightly rose,occupation=Quarry manager
82,occupation=Musician
83,country=Turkey,"occupation=Editor, commissioning",flavor=earthy,color=blue,medical=doctor,region=Lazio,first_name=Krista,dob=1908-10-10,aliment=undecylenic,user_agent=Opera/9.58.(Windows NT 4.0; ur-PK) Presto/2.9.186 Version/11.00,"currency=('QAR', 'Qatari riyal')",last_name=Cooper,animal=Australian Terrier,company=Morris and Sons,city=Quartu Sant’Elena
84,medical=nurse,dob=1939-02-16,region=Tuscany,"currency=('VND', 'Vietnamese đồng')",aliment=beef gravey,last_name=Mullins,flavor=earthy,"user_agent=Mozilla/5.0 (Macintosh; PPC Mac OS X 10_10_4) AppleWebKit/533.2 (KHTML, like Gecko) Chrome/40.0.827.0 Safari/533.2",first_name=Wesley,animal=Petit Basset Griffon Vendéen,"occupation=Lecturer, further education",country=Burundi,color=yellow,city=Savona,"company=Stephenson, Sullivan and Solis"
85,dob=1990-05-25
86,medical=nurse,first_name=Ian,flavor=balsamic,"currency=('KZT', 'Kazakhstani tenge')",dob=1935-01-06,color=blue,region=Veneto,city=Piacenza,"occupation=Surveyor, building",animal=Heron,aliment=foliage,last_name=Butler,"user_agent=Mozilla/5.0 (iPod; U; CPU iPhone OS 3_1 like Mac OS X; ht-HT) AppleWebKit/532.26.3 (KHTML, like Gecko) Version/3.0.5 Mobile/8B113 Safari/6532.26.3"
87,medical=clerk
88,user_agent=Mozilla/5.0 (compatible; MSIE 6.0; Windows CE; Trident/4.0),animal=Bluetick Coonhound,color=pink
89,medical=doctor,dob=1989-05-03,last_name=Cruz,flavor=alcohol,aliment=repulsive,company=Raymond Inc,region=Sicilia,color=pink,occupation=Chief Executive Officer,country=Finland,animal=Green Bee-Eater,city=Catanzaro,"currency=('MWK', 'Malawian kwacha')",first_name=Sara,user_agent=Opera/8.45.(Windows NT 4.0; apn-IN) Presto/2.9.187 Version/12.00
90,aliment=aldehydic,"currency=('CVE', 'Cape Verdean escudo')",medical=dr.,first_name=Carl,last_name=Le,"occupation=Teacher, early years/pre",color=pink,animal=Dhole,dob=1955-07-05,city=Trapani,country=Cook Islands,flavor=alcohol
91,"user_agent=Mozilla/5.0 (iPhone; CPU iPhone OS 6_1_6 like Mac OS X) AppleWebKit/532.1 (KHTML, like Gecko) CriOS/49.0.826.0 Mobile/23Y435 Safari/532.1",region=Veneto,dob=1995-12-16,medical=clerk,"occupation=Geneticist, molecular",color=white
92,"currency=('LTL', 'Lithuanian litas')",occupation=Astronomer,medical=doctor,region=Lombardy,flavor=balsamic,first_name=Stephanie,color=white,country=Guinea-Bissau,city=Fano,animal=Abyssinian,dob=1952-03-23,last_name=Gaines
93,"currency=('WST', 'Samoan tālā')"
94,city=Modena,occupation=Maintenance engineer,last_name=Lopez,"currency=('OMR', 'Omani rial')",region=Tuscany,first_name=Matthew,animal=Dodo,country=Western Sahara,dob=1971-04-23,aliment=lychee,company=Tran PLC,flavor=fruity,user_agent=Mozilla/5.0 (compatible; MSIE 9.0; Windows NT 10.0; Trident/5.1),color=green
95,country=Barbados,company=Mcdonald Ltd,medical=doctor,color=blue
96,aliment=unripe banana,"company=Lynch, Garcia and Smith"
97,color=black
98,country=Liechtenstein,last_name=Manning,animal=Abyssinian,user_agent=Mozilla/5.0 (compatible; MSIE 8.0; Windows NT 5.1; Trident/5.1),"occupation=Surveyor, building control","currency=('KYD', 'Cayman Islands dollar')","company=Davis, Perez and White",aliment=bread,city=Sassari,color=green,flavor=floral,first_name=Paul,region=Tuscany,medical=nurse
99,animal=Anchovies,company=Nelson-Chambers,occupation=Physiotherapist,country=Niue,user_agent=Opera/9.94.(Windows NT 5.01; ug-CN) Presto/2.9.186 Version/12.00,region=Veneto,last_name=Taylor,first_name=Kent,color=green,city=Imola,aliment=bisabolene,dob=1961-07-17,medical=dr.,"currency=('SAR', 'Saudi riyal')"
100,medical=clerk,user_agent=Opera/8.90.(X11; Linux x86_64; eo-US) Presto/2.9.177 Version/12.00,region=Puglia,city=Sesto San Giovanni,color=pink,first_name=Shelia,flavor=balsamic,dob=1920-04-21,last_name=Patterson,"occupation=Scientist, product/process development","currency=('SGD', 'Singapore dollar')",aliment=peppery,animal=Platypus,company=Navarro LLC,country=Monaco
101,city=Salerno,medical=clerk,region=Friuli-Venezia Giulia,"occupation=Runner, broadcasting/film/video",user_agent=Mozilla/5.0 (Windows NT 5.2; raj-IN; rv:1.9.0.20) Gecko/7822-11-15 07:56:02 Firefox/3.8,aliment=petroleum,"currency=('FKP', 'Falkland Islands pound')",animal=Moorhen
102,animal=Hornbill,last_name=Daugherty,aliment=meadow,country=Guatemala,"occupation=Producer, television/film/video",color=white,first_name=Deborah,"currency=('SVC', 'Salvadoran colón')",dob=1954-07-26,city=Sassari,medical=nurse,user_agent=Opera/9.87.(Windows 98; quz-PE) Presto/2.9.167 Version/11.00,flavor=fruity,company=Hamilton-Anderson
103,country=Guatemala,last_name=Jackson,first_name=Cheryl,user_agent=Opera/8.41.(Windows 98; Win 9x 4.90; is-IS) Presto/2.9.179 Version/12.00,medical=dr.,region=Piedmont,"company=Evans, Strong and Newton",color=yellow,"currency=('NGN', 'Nigerian naira')",occupation=Sports development officer,aliment=medical,animal=American Water Spaniel,city=Naples,flavor=balsamic,dob=1967-04-16
104,color=pink,occupation=Art gallery manager,user_agent=Mozilla/5.0 (compatible; MSIE 9.0; Windows NT 6.0; Trident/4.0),aliment=bay oil,animal=Donkey,flavor=fatty,country=France,region=Lombardy,"company=Mann, Butler and Jackson",medical=surgeon,first_name=Joanne
105,flavor=nutty,"currency=('CNY', 'Renminbi')",city=Brindisi
106,first_name=Jessica,color=blue,flavor=green,"currency=('MKD', 'Macedonian denar')",region=Friuli-Venezia Giulia,country=Iceland
107,"occupation=Surveyor, building",user_agent=Mozilla/5.0 (Macintosh; PPC Mac OS X 10_8_0; rv:1.9.4.20) Gecko/7553-09-13 15:08:52 Firefox/3.6.5,last_name=Burton,city=Bergamo,dob=1938-04-23,flavor=floral,company=Jackson and Sons
108,company=Small PLC,country=Algeria,flavor=fruity,city=Crotone,occupation=Community development worker,medical=nurse,last_name=Garcia,animal=Border Terrier,"user_agent=Mozilla/5.0 (Macintosh; U; Intel Mac OS X 10_11_9) AppleWebKit/531.0 (KHTML, like Gecko) Chrome/45.0.836.0 Safari/531.0",dob=1931-06-01,"currency=('SEK', 'Swedish krona')"
109,"occupation=Administrator, Civil Service",dob=2013-08-22,company=Clark Inc,flavor=fruity,first_name=Michael,medical=surgeon,last_name=Turner,animal=Baboon,region=Lombardy,aliment=cananga
110,aliment=mold,last_name=Rose,country=Belarus,city=Gela,occupation=Trade mark attorney,medical=nurse,dob=1927-01-18,"company=Mueller, Garcia and Morales",user_agent=Opera/9.67.(Windows 98; Win 9x 4.90; en-DK) Presto/2.9.183 Version/11.00
111,city=Viterbo,occupation=Higher education lecturer,aliment=lemon,animal=Platypus,color=black,"currency=('IQD', 'Iraqi dinar')",region=Veneto,medical=clerk
112,aliment=solvent,dob=1955-12-25,region=Liguria,flavor=balsamic,user_agent=Mozilla/5.0 (compatible; MSIE 8.0; Windows NT 4.0; Trident/4.1),first_name=Linda,last_name=Luna,color=black
113,occupation=Economist,country=Belgium,first_name=Jennifer,aliment=tart lime,animal=Greyhound,"currency=('MYR', 'Malaysian ringgit')","company=Johnson, Miller and King",medical=nurse,flavor=pepper,"user_agent=Mozilla/5.0 (X11; Linux i686) AppleWebKit/532.1 (KHTML, like Gecko) Chrome/30.0.862.0 Safari/532.1",color=green,dob=1998-02-08
114,"user_agent=Mozilla/5.0 (Macintosh; U; Intel Mac OS X 10_8_1 rv:6.0; wal-ET) AppleWebKit/531.12.3 (KHTML, like Gecko) Version/5.0 Safari/531.12.3",first_name=Cheryl,"currency=('MUR', 'Mauritian rupee')"
115,"currency=('BSD', 'Bahamian dollar')","user_agent=Mozilla/5.0 (iPad; CPU iPad OS 10_3_4 like Mac OS X) AppleWebKit/532.2 (KHTML, like Gecko) FxiOS/18.3k8900.0 Mobile/75T468 Safari/532.2"
116,dob=2019-10-06,last_name=Campbell,region=Calabria,"user_agent=Mozilla/5.0 (iPod; U; CPU iPhone OS 4_3 like Mac OS X; iw-IL) AppleWebKit/531.6.6 (KHTML, like Gecko) Version/4.0.5 Mobile/8B114 Safari/6531.6.6",city=Ferrara,medical=clerk,flavor=vegetable,"company=Thompson, Hess and Smith",color=red,"occupation=Pharmacist, community"
117,country=Cocos (Keeling) Islands,medical=nurse,last_name=Davis,first_name=Kenneth
118,region=Campania,medical=nurse,"company=Williams, Hill and Stevens",country=Azerbaijan
119,color=blue,region=Puglia,dob=1910-10-10,country=Cape Verde
120,dob=1931-01-22,company=Fox LLC,region=Umbria,city=Vigevano,medical=doctor,last_name=Foster,first_name=Dylan,animal=Hagfish,country=Uruguay,"currency=('GGP', 'Guernsey pound')",aliment=lychee,color=black,flavor=nutty,"occupation=Social research officer, government",user_agent=Mozilla/5.0 (compatible; MSIE 8.0; Windows NT 6.1; Trident/5.0)
121,medical=clerk,occupation=Technical sales engineer,animal=Mongrel,last_name=Gallagher,aliment=moldy,"currency=('CRC', 'Costa Rican colón')",flavor=floral
122,last_name=Peterson,country=Turkmenistan,region=Veneto,color=blue,animal=Elephant Shrew,"currency=('SEK', 'Swedish krona')",aliment=camphoraceous
123,medical=nurse,"company=Garcia, Brown and Hill",last_name=Dixon,flavor=spicy,dob=1911-03-27,occupation=Land/geomatics surveyor,user_agent=Mozilla/5.0 (compatible; MSIE 7.0; Windows NT 5.01; Trident/3.0),aliment=radiant,"currency=('LYD', 'Libyan dinar')",color=green
124,animal=Cat,"company=Gonzalez, Owen and Steele","user_agent=Mozilla/5.0 (Windows; U; Windows CE) AppleWebKit/532.45.4 (KHTML, like Gecko) Version/5.1 Safari/532.45.4",city=Caltanissetta,occupation=Hotel manager,dob=1956-10-24,flavor=green,color=red,last_name=Soto,region=Liguria,first_name=Barry,"currency=('TVD', 'Tuvaluan dollar')",aliment=tangerine
125,color=orange,aliment=borneol,animal=Estrela Mountain Dog,last_name=Butler
126,color=blue,"user_agent=Mozilla/5.0 (Windows; U; Windows CE) AppleWebKit/535.21.6 (KHTML, like Gecko) Version/5.1 Safari/535.21.6","occupation=Nurse, children's","currency=('TRY', 'Turkish lira')",flavor=citrus,city=Bolzano,first_name=Nicholas
127,dob=2004-08-09,"user_agent=Mozilla/5.0 (Macintosh; PPC Mac OS X 10_9_6 rv:6.0; zu-ZA) AppleWebKit/531.33.2 (KHTML, like Gecko) Version/5.1 Safari/531.33.2"
128,company=Fields Inc,country=Myanmar,city=Pisa,flavor=spicy,"user_agent=Mozilla/5.0 (Macintosh; U; PPC Mac OS X 10_7_6) AppleWebKit/535.0 (KHTML, like Gecko) Chrome/62.0.816.0 Safari/535.0"
129,city=Rimini,"user_agent=Mozilla/5.0 (X11; Linux x86_64) AppleWebKit/536.0 (KHTML, like Gecko) Chrome/23.0.865.0 Safari/536.0",medical=surgeon,flavor=vegetable,animal=Fishing Cat,first_name=James,company=Liu-Myers,country=Guam,aliment=oil
130,dob=1962-03-06,flavor=fishy,user_agent=Opera/9.32.(Windows NT 6.2; te-IN) Presto/2.9.178 Version/10.00,aliment=methyl dihydrojasmonate,first_name=Christopher,"occupation=Therapist, horticultural"
131,last_name=Guzman,dob=1910-04-11,country=Saudi Arabia,flavor=meaty,first_name=Leslie,medical=dr.
132,first_name=Ana
133,first_name=Courtney,dob=2006-03-21,flavor=balsamic,"currency=('AFN', 'Afghan afghani')",region=Veneto,occupation=Analytical chemist,country=Wallis and Futuna,city=Cagliari
134,first_name=Adam,medical=surgeon,company=Trujillo-Lawrence,city=Fano,dob=1982-10-11,"user_agent=Mozilla/5.0 (Windows; U; Windows 98) AppleWebKit/535.47.1 (KHTML, like Gecko) Version/4.0 Safari/535.47.1",region=Tuscany,flavor=fishy,"currency=('MOP', 'Macanese pataca')",country=Tonga,aliment=vegetable skin,animal=Flamingo,occupation=Printmaker,color=blue
135,last_name=Sanchez,animal=Birman
136,country=Guadeloupe,"company=Olsen, Jarvis and Wilson","currency=('TWD', 'New Taiwan dollar')",last_name=Middleton
137,animal=Airedale Terrier,"user_agent=Mozilla/5.0 (iPod; U; CPU iPhone OS 4_3 like Mac OS X; lo-LA) AppleWebKit/535.39.2 (KHTML, like Gecko) Version/4.0.5 Mobile/8B119 Safari/6535.39.2",aliment=soap,city=Monza,first_name=Amanda,last_name=Hansen,region=Piedmont,flavor=herbaceous,company=Kaufman-Taylor,dob=1924-01-21,medical=nurse,country=Cameroon,occupation=Product designer
138,last_name=White,flavor=nutty,"occupation=Exhibitions officer, museum/gallery",region=Puglia,"user_agent=Mozilla/5.0 (Macintosh; PPC Mac OS X 10_8_9 rv:2.0; ka-GE) AppleWebKit/535.31.7 (KHTML, like Gecko) Version/4.0 Safari/535.31.7","company=Hayes, Boyd and Silva",country=Palestinian Territory
139,user_agent=Mozilla/5.0 (X11; Linux i686; rv:1.9.6.20) Gecko/7780-10-08 06:03:04 Firefox/6.0,color=orange,medical=surgeon,dob=1972-03-18,region=Calabria,"occupation=Engineer, manufacturing systems",first_name=Kristina,"currency=('XOF', 'West African CFA franc')"
140,city=Parma,"currency=('TND', 'Tunisian dinar')",dob=1958-02-01,region=Marche,animal=Baiji,aliment=earthy,color=pink,"company=Taylor, Carter and Mullen",last_name=Howard,medical=doctor,"occupation=Lecturer, higher education",country=Korea,"user_agent=Mozilla/5.0 (Macintosh; PPC Mac OS X 10_10_7 rv:4.0; nl-AW) AppleWebKit/531.36.1 (KHTML, like Gecko) Version/4.0.4 Safari/531.36.1"
141,country=Libyan Arab Jamahiriya,medical=nurse
142,color=blue,city=Barletta,occupation=Pathologist,country=Turkmenistan
143,medical=dr.,flavor=floral,user_agent=Opera/8.17.(Windows NT 5.01; bo-CN) Presto/2.9.164 Version/12.00,city=Bologna
144,first_name=Crystal,dob=1994-05-22,flavor=floral,color=black
145,occupation=Race relations officer,medical=surgeon,first_name=Patricia,city=Caserta,animal=Black Rhinoceros,last_name=Dyer,country=Mozambique,user_agent=Mozilla/5.0 (compatible; MSIE 9.0; Windows NT 5.01; Trident/5.1),flavor=vegetable,"company=Johnson, Garcia and Lopez",aliment=burnt almonds,region=Basilicata
146,user_agent=Mozilla/5.0 (Windows CE; dv-MV; rv:1.9.0.20) Gecko/2092-02-15 17:40:19 Firefox/3.8,dob=2020-08-21,region=Veneto,"occupation=Surveyor, planning and development",last_name=Wilson,medical=surgeon,aliment=broom,company=Bryant-Johns,flavor=vegetable,animal=Caterpillar
147,first_name=Caitlin,country=Belgium,medical=dr.,"currency=('KPW', 'North Korean won')",color=white,flavor=fatty,last_name=Hernandez
148,animal=Crane,occupation=Actuary,country=Macao,region=Sicilia,aliment=umami,last_name=Foster,"user_agent=Mozilla/5.0 (Macintosh; U; PPC Mac OS X 10_6_0 rv:5.0; crh-UA) AppleWebKit/531.8.3 (KHTML, like Gecko) Version/4.1 Safari/531.8.3",dob=1984-08-21
149,region=Tuscany,first_name=James,flavor=fruity,animal=Norwegian Forest,company=Combs-Ellis,dob=1923-09-03,occupation=Art gallery manager,"user_agent=Mozilla/5.0 (iPod; U; CPU iPhone OS 3_0 like Mac OS X; lb-LU) AppleWebKit/531.33.1 (KHTML, like Gecko) Version/3.0.5 Mobile/8B118 Safari/6531.33.1",aliment=fig
150,aliment=beet,medical=doctor,dob=2020-03-29,region=Sardegna,city=Caserta,user_agent=Opera/8.83.(Windows NT 4.0; ur-PK) Presto/2.9.189 Version/12.00,last_name=Brown,"currency=('RON', 'Romanian leu')",flavor=floral,country=Netherlands Antilles
151,aliment=diphenyl oxide,"currency=('CUP', 'Cuban peso')",medical=clerk,country=Australia,city=Busto Arsizio,company=Mills Inc,region=Liguria,"user_agent=Mozilla/5.0 (Macintosh; PPC Mac OS X 10_10_8 rv:4.0; eo-US) AppleWebKit/533.22.3 (KHTML, like Gecko) Version/4.1 Safari/533.22.3",color=orange,animal=Bluetick Coonhound,last_name=Brown
152,city=Caltanissetta,flavor=fruity,country=French Southern Territories,medical=surgeon,color=orange
153,"occupation=Engineer, materials",first_name=Samuel,last_name=Downs,city=Crotone,"currency=('CAD', 'Canadian dollar')","user_agent=Mozilla/5.0 (Macintosh; Intel Mac OS X 10_10_7 rv:4.0; hi-IN) AppleWebKit/532.20.6 (KHTML, like Gecko) Version/4.0 Safari/532.20.6",aliment=benzyl propionate,animal=Gecko,country=Paraguay,region=Lombardy,dob=1977-04-16,flavor=vegetable,color=yellow,medical=doctor,company=Walker and Sons
154,color=red,occupation=Contractor
155,aliment=guaiacol,medical=surgeon,user_agent=Mozilla/5.0 (Windows NT 4.0; fi-FI; rv:1.9.1.20) Gecko/4251-08-16 15:23:40 Firefox/3.6.15,last_name=Tanner,country=Denmark
156,"company=Velez, Hall and Barnes",medical=nurse,city=Caltanissetta,aliment=fig,"user_agent=Mozilla/5.0 (iPad; CPU iPad OS 5_1_1 like Mac OS X) AppleWebKit/533.1 (KHTML, like Gecko) CriOS/16.0.803.0 Mobile/73T459 Safari/533.1",flavor=green
157,"user_agent=Mozilla/5.0 (Linux; Android 2.3.4) AppleWebKit/533.0 (KHTML, like Gecko) Chrome/27.0.836.0 Safari/533.0",flavor=nutty,"currency=('LRD', 'Liberian dollar')",country=Madagascar,"occupation=Engineer, aeronautical",dob=1979-05-28,city=Altamura,animal=Chameleon,first_name=Kevin,aliment=pungent,color=orange
158,city=Lucca,flavor=seedy,"user_agent=Mozilla/5.0 (Windows; U; Windows NT 6.1) AppleWebKit/532.7.7 (KHTML, like Gecko) Version/4.0.5 Safari/532.7.7",region=Marche,animal=Insects,first_name=Joshua
159,city=Venice,company=Crawford-Estrada,first_name=Travis,color=red,animal=Cockatoo,occupation=Commercial/residential surveyor,last_name=Turner,country=Ethiopia,dob=1930-02-01,flavor=herbaceous
160,first_name=Christine,city=Naples,"user_agent=Mozilla/5.0 (iPhone; CPU iPhone OS 14_2_1 like Mac OS X) AppleWebKit/534.2 (KHTML, like Gecko) CriOS/16.0.822.0 Mobile/45V737 Safari/534.2",region=Piedmont,flavor=fatty,"occupation=Producer, radio","currency=('CVE', 'Cape Verdean escudo')",dob=1940-03-27,color=white
161,last_name=Simmons
162,occupation=Dance movement psychotherapist,flavor=vegetable,city=Salerno,first_name=Savannah,user_agent=Mozilla/5.0 (compatible; MSIE 9.0; Windows NT 10.0; Trident/3.0),region=Emilia-Romagna,medical=dr.,color=yellow
163,medical=dr.,first_name=Ryan,region=Calabria,company=Sanford-Lopez,"currency=('AED', 'United Arab Emirates dirham')",color=white,animal=Norwegian Forest,flavor=woody,dob=2009-07-07,last_name=Coleman,city=Ancona,user_agent=Opera/8.45.(Windows NT 4.0; tn-ZA) Presto/2.9.183 Version/12.00,aliment=deep,occupation=Research scientist (physical sciences)
164,occupation=Regulatory affairs officer,first_name=Debra,color=yellow,company=Russell-Fisher,aliment=lemon,user_agent=Opera/8.96.(Windows CE; ht-HT) Presto/2.9.177 Version/10.00
165,first_name=Karen,"currency=('VND', 'Vietnamese đồng')","company=Haynes, Salinas and Rodriguez",aliment=guaiacol,animal=Caterpillar,country=Haiti,last_name=Orozco,"user_agent=Mozilla/5.0 (Windows; U; Windows NT 6.2) AppleWebKit/532.11.7 (KHTML, like Gecko) Version/5.0 Safari/532.11.7",dob=1935-08-03,city=Cagliari,medical=surgeon,flavor=fatty,color=blue
166,region=Lombardy,animal=Goose
167,last_name=Fisher,occupation=Personnel officer,medical=nurse
168,country=Lao People's Democratic Republic
